{
    "$schema": "https://schema.management.azure.com/schemas/2015-01-01/deploymentParameters.json#",
    "contentVersion": "1.0.0.0",
    "parameters": {
        "factoryName": {
            "value": "mx-core-data-prod-dfws"
        },
        "Filesystem_LS_password": {
            "value": ""
        },
        "Prod_Netezza1_Analytics_connectionString": {
            "value": ""
        },
        "ADB_DATABRIKS_POOL_accessToken": {
            "value": ""
        },
        "ADB_JOB_CLUSTER_accessToken": {
            "value": ""
        },
        "Catman_connectionString": {
            "value": "Integrated Security=False;Data Source=n060ngppmsql11;Initial Catalog=ngpcatdbprod;User ID=svc4485ngpcatdbp"
        },
        "Netezza_Analytics_connectionString": {
            "value": "Server=u060hdcloynet13;Port=5480;Database=PRD_AMP_ANALYTICS;UID=s8666MxADFNetzzaP;SecurityLevel=preferredUnSecured;CaCertFile="
        },
        "Netezza_Archive_connectionString": {
            "value": "Server=u060hdcloynet13;Port=5480;Database=PRD_AMP_ARCHIVE;UID=s8666MxADFNetzzaP;SecurityLevel=preferredUnSecured;CaCertFile="
        },
        "Netezza_Landing_connectionString": {
            "value": "Server=u060hdcloynet13;Port=5480;Database=PRD_AMP_LANDING;UID=s8666MxADFNetzzaP;SecurityLevel=preferredUnSecured;CaCertFile="
        },
        "AzureBlobStorage1_connectionString": {
            "value": ""
        },
        "HistCheck2_connectionString": {
            "value": ""
        },
        "HistoryStorage1_connectionString": {
            "value": ""
        },
        "ADF-GEN2-LS_properties_typeProperties_url": {
            "value": "https://mxcoredataprodstrg.dfs.core.windows.net"
        },
        "ADF-BLOB-LS_properties_typeProperties_serviceEndpoint": {
            "value": "https://mxcoredataprodstrg.blob.core.windows.net/"
        },
        "Filesystem_LS_properties_typeProperties_host": {
            "value": "e:\\"
        },
        "Filesystem_LS_properties_typeProperties_userId": {
            "value": "s8666adfP@kroger.com"
        },
        "mx-core-data-prod-dbx-ls_properties_typeProperties_existingClusterId": {
            "value": "0125-054154-llvfxzyz"
        },
        "mx-core-data-prod-kv-ls_properties_typeProperties_baseUrl": {
            "value": "https://mx-core-data-prod-kv.vault.azure.net/"
        },
        "adf-dbx-ls_properties_typeProperties_existingClusterId": {
            "value": "0125-054154-llvfxzyz"
        },
        "MxDmpLandingZone_properties_typeProperties_url": {
            "value": "https://dmpdatalakelanding.dfs.core.windows.net"
        },
        "adf-kv-ls_properties_typeProperties_baseUrl": {
            "value": "https://mx-core-data-prod-kv.vault.azure.net/"
        },
        "DB2_ls_properties_typeProperties_connectionString_secretName": {
            "value": "db2-odbc-connection-string"
        },
        "azsql-db-ls_properties_typeProperties_connectionString_secretName": {
            "value": "sql-database-connection-string"
        },
        "eventhub_cluster_dbx_ls_properties_typeProperties_existingClusterId": {
            "value": "0414-041808-qfvk9cex"
        },
        "MxDmpLandingRedLakeZone_properties_typeProperties_url": {
            "value": "https://dmpadlredlandingprod.dfs.core.windows.net"
        },
        "MxDmpCuratedLayer_properties_typeProperties_url": {
            "value": "https://dmpadlmxcuratedprod.dfs.core.windows.net"
        },
        "ADF_2nd_GEN2_LS_properties_typeProperties_url": {
            "value": "https://mxcoredataprod2ndstrg.dfs.core.windows.net"
        },
        "EDW_DB2_LS_properties_typeProperties_connectionString_secretName": {
            "value": "EDW-DB2-ConnectionString"
        },
        "postgre_ls_properties_typeProperties_connectionString_secretName": {
            "value": "Switchboard-Postgre-ConnectionString"
        },
        "MxItemIaportCassandraDB_properties_typeProperties_connectionString_secretName": {
            "value": "Iaport-CassandraDB-ConnectionString"
        },
        "MxOffersCassandraDB_properties_typeProperties_connectionString_secretName": {
            "value": "Offers-Cassandra-ConnectionString"
        },
        "ePlum_NAS_LS_properties_typeProperties_host": {
            "value": "\\\\n060plumfs101\\Plum_Xfer\\ePLUM_Host\\"
        },
        "ePlum_NAS_LS_properties_typeProperties_userId": {
            "value": "KROGER\\s5756ePlumP"
        },
        "MxPVGYugaByteDB_properties_typeProperties_connectionString_secretName": {
            "value": "PVG-YugabyteDB-ConnectionString"
        },
        "Unity_Catalog_Cluster_properties_typeProperties_existingClusterId": {
            "value": "0922-180217-x1s1qdcc"
        },
        "HrHumanCapital_LS_properties_typeProperties_serviceEndpoint": {
            "value": "https://sa1092hrsharedprod.blob.core.windows.net/"
        },
        "MxRedLake_properties_typeProperties_url": {
            "value": "https://mxredlakeprodstrg.dfs.core.windows.net/"
        },
        "ePLUM_NAS_PERF_STATS_properties_typeProperties_host": {
            "value": "\\\\n060plumfs201\\Plum_Xfer\\ePLUM_Host\\PERF_STATS"
        },
        "ePLUM_NAS_PERF_STATS_properties_typeProperties_userId": {
            "value": "KROGER\\s5756ePlumN"
        },
        "TRG_MX_DBX_MONITOR_MASTER_properties_PL_MX_DBX_MONITOR_MASTER_parameters_base_uri_input": {
            "value": "https://adb-918219260053953.13.azuredatabricks.net"
        },
        "TRG_MX_DBX_MONITOR_MASTER_properties_PL_MX_DBX_MONITOR_MASTER_parameters_max_wait_time": {
            "value": 60
        },
        "Boost Trigger Missing 2x Fuel Points_properties_PL_BOOST_MISSING_2X_FUEL_POINTS_parameters_Start_Date": {
            "value": "Nil"
        },
        "Boost Trigger Missing 2x Fuel Points_properties_PL_BOOST_MISSING_2X_FUEL_POINTS_parameters_End_Date": {
            "value": "Nil"
        },
        "Boost Trigger Missing 2x Fuel Points_properties_PL_BOOST_MISSING_2X_FUEL_POINTS_parameters_Program_Id": {
            "value": "Nil"
        },
        "TRG_BCG_KPP_properties_typeProperties_scope": {
            "value": "/subscriptions/7955bb86-14ca-4ca9-a6b9-978136873edd/resourceGroups/rg-mxi-deva61-eastus2/providers/Microsoft.Storage/storageAccounts/mxinsightsdevstrg"
        },
        "TRG_BCG_KPP_LOAD_properties_typeProperties_scope": {
            "value": "/subscriptions/6e3a3f5a-7ddb-473b-9f4f-6dee37a8bd93/resourceGroups/rg-mxi-proda11-eastus2/providers/Microsoft.Storage/storageAccounts/mxcoredataprod2ndstrg"
        },
        "DIM_RPM_POINT_CLUBS_properties_PL_NZ_LND_TO_ADLS_parameters_SR_NO": {
            "value": 10
        },
        "PZN_Digital_Ads_Groveland_properties_typeProperties_scope": {
            "value": "/subscriptions/6e3a3f5a-7ddb-473b-9f4f-6dee37a8bd93/resourceGroups/rg-mxi-proda11-eastus2/providers/Microsoft.Storage/storageAccounts/mxcoredataprodstrg"
        },
        "Digital_Ads_PZN_Oklahoma_properties_typeProperties_scope": {
            "value": "/subscriptions/6e3a3f5a-7ddb-473b-9f4f-6dee37a8bd93/resourceGroups/rg-mxi-proda11-eastus2/providers/Microsoft.Storage/storageAccounts/mxcoredataprodstrg"
        },
        "TRG_POP_PIM_ITEM_SMOKE_SUITE_properties_typeProperties_scope": {
            "value": "/subscriptions/6e3a3f5a-7ddb-473b-9f4f-6dee37a8bd93/resourceGroups/rg-mxi-proda11-eastus2/providers/Microsoft.Storage/storageAccounts/mxcoredataprodstrg"
        },
        "TRGG_POP_PIM_ITEM_DELTA_PUBLISH_properties_typeProperties_scope": {
            "value": "/subscriptions/6e3a3f5a-7ddb-473b-9f4f-6dee37a8bd93/resourceGroups/rg-mxi-proda11-eastus2/providers/Microsoft.Storage/storageAccounts/mxcoredataprodstrg"
        },
        "TRG_Send_Email_Groveland_properties_typeProperties_scope": {
            "value": "/subscriptions/7955bb86-14ca-4ca9-a6b9-978136873edd/resourceGroups/rg-mxi-deva61-eastus2/providers/Microsoft.Storage/storageAccounts/mxinsightsdevstrg"
        },
        "TR_PZN_Digital_Ads_Send_Email_Oklahoma_properties_typeProperties_scope": {
            "value": "/subscriptions/7955bb86-14ca-4ca9-a6b9-978136873edd/resourceGroups/rg-mxi-deva61-eastus2/providers/Microsoft.Storage/storageAccounts/mxinsightsdevstrg"
        }
    }
}