{
    "$schema": "http://schema.management.azure.com/schemas/2015-01-01/deploymentTemplate.json#",
    "contentVersion": "1.0.0.0",
    "parameters": {
        "factoryName": {
            "type": "string",
            "metadata": "Data Factory name",
            "defaultValue": "mx-core-data-prod-dfws"
        },
        "Filesystem_LS_password": {
            "type": "secureString",
            "metadata": "Secure string for 'password' of 'Filesystem_LS'"
        },
        "Prod_Netezza1_Analytics_connectionString": {
            "type": "secureString",
            "metadata": "Secure string for 'connectionString' of 'Prod_Netezza1_Analytics'"
        },
        "ADB_DATABRIKS_POOL_accessToken": {
            "type": "secureString",
            "metadata": "Secure string for 'accessToken' of 'ADB_DATABRIKS_POOL'"
        },
        "ADB_JOB_CLUSTER_accessToken": {
            "type": "secureString",
            "metadata": "Secure string for 'accessToken' of 'ADB_JOB_CLUSTER'"
        },
        "Catman_connectionString": {
            "type": "secureString",
            "metadata": "Secure string for 'connectionString' of 'Catman'",
            "defaultValue": "Integrated Security=False;Data Source=n060ngppmsql11;Initial Catalog=ngpcatdbprod;User ID=svc4485ngpcatdbp"
        },
        "Netezza_Analytics_connectionString": {
            "type": "secureString",
            "metadata": "Secure string for 'connectionString' of 'Netezza_Analytics'",
            "defaultValue": "Server=u060hdcloynet13;Port=5480;Database=PRD_AMP_ANALYTICS;UID=s8666MxADFNetzzaP;SecurityLevel=preferredUnSecured;CaCertFile="
        },
        "Netezza_Archive_connectionString": {
            "type": "secureString",
            "metadata": "Secure string for 'connectionString' of 'Netezza_Archive'",
            "defaultValue": "Server=u060hdcloynet13;Port=5480;Database=PRD_AMP_ARCHIVE;UID=s8666MxADFNetzzaP;SecurityLevel=preferredUnSecured;CaCertFile="
        },
        "Netezza_Landing_connectionString": {
            "type": "secureString",
            "metadata": "Secure string for 'connectionString' of 'Netezza_Landing'",
            "defaultValue": "Server=u060hdcloynet13;Port=5480;Database=PRD_AMP_LANDING;UID=s8666MxADFNetzzaP;SecurityLevel=preferredUnSecured;CaCertFile="
        },
        "AzureBlobStorage1_connectionString": {
            "type": "secureString",
            "metadata": "Secure string for 'connectionString' of 'AzureBlobStorage1'"
        },
        "HistCheck2_connectionString": {
            "type": "secureString",
            "metadata": "Secure string for 'connectionString' of 'HistCheck2'"
        },
        "HistoryStorage1_connectionString": {
            "type": "secureString",
            "metadata": "Secure string for 'connectionString' of 'HistoryStorage1'"
        },
        "ADF-GEN2-LS_properties_typeProperties_url": {
            "type": "string",
            "defaultValue": "https://mxcoredataprodstrg.dfs.core.windows.net"
        },
        "ADF-BLOB-LS_properties_typeProperties_serviceEndpoint": {
            "type": "string",
            "defaultValue": "https://mxcoredataprodstrg.blob.core.windows.net/"
        },
        "Filesystem_LS_properties_typeProperties_host": {
            "type": "string",
            "defaultValue": "e:\\"
        },
        "Filesystem_LS_properties_typeProperties_userId": {
            "type": "string",
            "defaultValue": "s8666adfP@kroger.com"
        },
        "mx-core-data-prod-dbx-ls_properties_typeProperties_existingClusterId": {
            "type": "string",
            "defaultValue": "0125-054154-llvfxzyz"
        },
        "mx-core-data-prod-kv-ls_properties_typeProperties_baseUrl": {
            "type": "string",
            "defaultValue": "https://mx-core-data-prod-kv.vault.azure.net/"
        },
        "adf-dbx-ls_properties_typeProperties_existingClusterId": {
            "type": "string",
            "defaultValue": "0125-054154-llvfxzyz"
        },
        "MxDmpLandingZone_properties_typeProperties_url": {
            "type": "string",
            "defaultValue": "https://dmpdatalakelanding.dfs.core.windows.net"
        },
        "adf-kv-ls_properties_typeProperties_baseUrl": {
            "type": "string",
            "defaultValue": "https://mx-core-data-prod-kv.vault.azure.net/"
        },
        "DB2_ls_properties_typeProperties_connectionString_secretName": {
            "type": "string",
            "defaultValue": "db2-odbc-connection-string"
        },
        "azsql-db-ls_properties_typeProperties_connectionString_secretName": {
            "type": "string",
            "defaultValue": "sql-database-connection-string"
        },
        "eventhub_cluster_dbx_ls_properties_typeProperties_existingClusterId": {
            "type": "string",
            "defaultValue": "0414-041808-qfvk9cex"
        },
        "MxDmpLandingRedLakeZone_properties_typeProperties_url": {
            "type": "string",
            "defaultValue": "https://dmpadlredlandingprod.dfs.core.windows.net"
        },
        "MxDmpCuratedLayer_properties_typeProperties_url": {
            "type": "string",
            "defaultValue": "https://dmpadlmxcuratedprod.dfs.core.windows.net"
        },
        "ADF_2nd_GEN2_LS_properties_typeProperties_url": {
            "type": "string",
            "defaultValue": "https://mxcoredataprod2ndstrg.dfs.core.windows.net"
        },
        "EDW_DB2_LS_properties_typeProperties_connectionString_secretName": {
            "type": "string",
            "defaultValue": "EDW-DB2-ConnectionString"
        },
        "postgre_ls_properties_typeProperties_connectionString_secretName": {
            "type": "string",
            "defaultValue": "Switchboard-Postgre-ConnectionString"
        },
        "MxItemIaportCassandraDB_properties_typeProperties_connectionString_secretName": {
            "type": "string",
            "defaultValue": "Iaport-CassandraDB-ConnectionString"
        },
        "MxOffersCassandraDB_properties_typeProperties_connectionString_secretName": {
            "type": "string",
            "defaultValue": "Offers-Cassandra-ConnectionString"
        },
        "ePlum_NAS_LS_properties_typeProperties_host": {
            "type": "string",
            "defaultValue": "\\\\n060plumfs101\\Plum_Xfer\\ePLUM_Host\\"
        },
        "ePlum_NAS_LS_properties_typeProperties_userId": {
            "type": "string",
            "defaultValue": "KROGER\\s5756ePlumP"
        },
        "MxPVGYugaByteDB_properties_typeProperties_connectionString_secretName": {
            "type": "string",
            "defaultValue": "PVG-YugabyteDB-ConnectionString"
        },
        "Unity_Catalog_Cluster_properties_typeProperties_existingClusterId": {
            "type": "string",
            "defaultValue": "0922-180217-x1s1qdcc"
        },
        "HrHumanCapital_LS_properties_typeProperties_serviceEndpoint": {
            "type": "string",
            "defaultValue": "https://sa1092hrsharedprod.blob.core.windows.net/"
        },
        "MxRedLake_properties_typeProperties_url": {
            "type": "string",
            "defaultValue": "https://mxredlakeprodstrg.dfs.core.windows.net/"
        },
        "ePLUM_NAS_PERF_STATS_properties_typeProperties_host": {
            "type": "string",
            "defaultValue": "\\\\n060plumfs201\\Plum_Xfer\\ePLUM_Host\\PERF_STATS"
        },
        "ePLUM_NAS_PERF_STATS_properties_typeProperties_userId": {
            "type": "string",
            "defaultValue": "KROGER\\s5756ePlumN"
        },
        "TRG_MX_DBX_MONITOR_MASTER_properties_PL_MX_DBX_MONITOR_MASTER_parameters_base_uri_input": {
            "type": "string",
            "defaultValue": "https://adb-918219260053953.13.azuredatabricks.net"
        },
        "TRG_MX_DBX_MONITOR_MASTER_properties_PL_MX_DBX_MONITOR_MASTER_parameters_max_wait_time": {
            "type": "int",
            "defaultValue": 60
        },
        "Boost Trigger Missing 2x Fuel Points_properties_PL_BOOST_MISSING_2X_FUEL_POINTS_parameters_Start_Date": {
            "type": "string",
            "defaultValue": "Nil"
        },
        "Boost Trigger Missing 2x Fuel Points_properties_PL_BOOST_MISSING_2X_FUEL_POINTS_parameters_End_Date": {
            "type": "string",
            "defaultValue": "Nil"
        },
        "Boost Trigger Missing 2x Fuel Points_properties_PL_BOOST_MISSING_2X_FUEL_POINTS_parameters_Program_Id": {
            "type": "string",
            "defaultValue": "Nil"
        },
        "TRG_BCG_KPP_properties_typeProperties_scope": {
            "type": "string",
            "defaultValue": "/subscriptions/7955bb86-14ca-4ca9-a6b9-978136873edd/resourceGroups/rg-mxi-deva61-eastus2/providers/Microsoft.Storage/storageAccounts/mxinsightsdevstrg"
        },
        "TRG_BCG_KPP_LOAD_properties_typeProperties_scope": {
            "type": "string",
            "defaultValue": "/subscriptions/6e3a3f5a-7ddb-473b-9f4f-6dee37a8bd93/resourceGroups/rg-mxi-proda11-eastus2/providers/Microsoft.Storage/storageAccounts/mxcoredataprod2ndstrg"
        },
        "DIM_RPM_POINT_CLUBS_properties_PL_NZ_LND_TO_ADLS_parameters_SR_NO": {
            "type": "int",
            "defaultValue": 10
        },
        "PZN_Digital_Ads_Groveland_properties_typeProperties_scope": {
            "type": "string",
            "defaultValue": "/subscriptions/6e3a3f5a-7ddb-473b-9f4f-6dee37a8bd93/resourceGroups/rg-mxi-proda11-eastus2/providers/Microsoft.Storage/storageAccounts/mxcoredataprodstrg"
        },
        "Digital_Ads_PZN_Oklahoma_properties_typeProperties_scope": {
            "type": "string",
            "defaultValue": "/subscriptions/6e3a3f5a-7ddb-473b-9f4f-6dee37a8bd93/resourceGroups/rg-mxi-proda11-eastus2/providers/Microsoft.Storage/storageAccounts/mxcoredataprodstrg"
        },
        "TRG_POP_PIM_ITEM_SMOKE_SUITE_properties_typeProperties_scope": {
            "type": "string",
            "defaultValue": "/subscriptions/6e3a3f5a-7ddb-473b-9f4f-6dee37a8bd93/resourceGroups/rg-mxi-proda11-eastus2/providers/Microsoft.Storage/storageAccounts/mxcoredataprodstrg"
        },
        "TRGG_POP_PIM_ITEM_DELTA_PUBLISH_properties_typeProperties_scope": {
            "type": "string",
            "defaultValue": "/subscriptions/6e3a3f5a-7ddb-473b-9f4f-6dee37a8bd93/resourceGroups/rg-mxi-proda11-eastus2/providers/Microsoft.Storage/storageAccounts/mxcoredataprodstrg"
        },
        "TRG_Send_Email_Groveland_properties_typeProperties_scope": {
            "type": "string",
            "defaultValue": "/subscriptions/7955bb86-14ca-4ca9-a6b9-978136873edd/resourceGroups/rg-mxi-deva61-eastus2/providers/Microsoft.Storage/storageAccounts/mxinsightsdevstrg"
        },
        "TR_PZN_Digital_Ads_Send_Email_Oklahoma_properties_typeProperties_scope": {
            "type": "string",
            "defaultValue": "/subscriptions/7955bb86-14ca-4ca9-a6b9-978136873edd/resourceGroups/rg-mxi-deva61-eastus2/providers/Microsoft.Storage/storageAccounts/mxinsightsdevstrg"
        },
        "containerUri": {
            "type": "string",
            "metadata": "URI to storage account containing linked ARM templates"
        },
        "containerSasToken": {
            "type": "string",
            "metadata": "Sas token to storage account containing linked ARM templates"
        }
    },
    "variables": {
        "factoryId": "[concat('Microsoft.DataFactory/factories/', parameters('factoryName'))]"
    },
    "resources": [
        {
            "name": "mx-core-data-prod-dfws_ArmTemplate_0",
            "type": "Microsoft.Resources/deployments",
            "apiVersion": "2018-02-01",
            "properties": {
                "mode": "incremental",
                "templateLink": {
                    "uri": "[concat(parameters('containerUri'), '/ArmTemplate_0.json', parameters('containerSasToken'))]",
                    "contentVersion": "1.0.0.0"
                },
                "parameters": {
                    "factoryName": {
                        "value": "[parameters('factoryName')]"
                    },
                    "ADB_DATABRIKS_POOL_accessToken": {
                        "value": "[parameters('ADB_DATABRIKS_POOL_accessToken')]"
                    },
                    "ADB_JOB_CLUSTER_accessToken": {
                        "value": "[parameters('ADB_JOB_CLUSTER_accessToken')]"
                    },
                    "AzureBlobStorage1_connectionString": {
                        "value": "[parameters('AzureBlobStorage1_connectionString')]"
                    },
                    "HistCheck2_connectionString": {
                        "value": "[parameters('HistCheck2_connectionString')]"
                    },
                    "HistoryStorage1_connectionString": {
                        "value": "[parameters('HistoryStorage1_connectionString')]"
                    },
                    "ADF-GEN2-LS_properties_typeProperties_url": {
                        "value": "[parameters('ADF-GEN2-LS_properties_typeProperties_url')]"
                    },
                    "ADF-BLOB-LS_properties_typeProperties_serviceEndpoint": {
                        "value": "[parameters('ADF-BLOB-LS_properties_typeProperties_serviceEndpoint')]"
                    },
                    "mx-core-data-prod-dbx-ls_properties_typeProperties_existingClusterId": {
                        "value": "[parameters('mx-core-data-prod-dbx-ls_properties_typeProperties_existingClusterId')]"
                    },
                    "mx-core-data-prod-kv-ls_properties_typeProperties_baseUrl": {
                        "value": "[parameters('mx-core-data-prod-kv-ls_properties_typeProperties_baseUrl')]"
                    },
                    "adf-dbx-ls_properties_typeProperties_existingClusterId": {
                        "value": "[parameters('adf-dbx-ls_properties_typeProperties_existingClusterId')]"
                    },
                    "MxDmpLandingZone_properties_typeProperties_url": {
                        "value": "[parameters('MxDmpLandingZone_properties_typeProperties_url')]"
                    },
                    "adf-kv-ls_properties_typeProperties_baseUrl": {
                        "value": "[parameters('adf-kv-ls_properties_typeProperties_baseUrl')]"
                    },
                    "eventhub_cluster_dbx_ls_properties_typeProperties_existingClusterId": {
                        "value": "[parameters('eventhub_cluster_dbx_ls_properties_typeProperties_existingClusterId')]"
                    },
                    "MxDmpLandingRedLakeZone_properties_typeProperties_url": {
                        "value": "[parameters('MxDmpLandingRedLakeZone_properties_typeProperties_url')]"
                    },
                    "MxDmpCuratedLayer_properties_typeProperties_url": {
                        "value": "[parameters('MxDmpCuratedLayer_properties_typeProperties_url')]"
                    },
                    "ADF_2nd_GEN2_LS_properties_typeProperties_url": {
                        "value": "[parameters('ADF_2nd_GEN2_LS_properties_typeProperties_url')]"
                    },
                    "Unity_Catalog_Cluster_properties_typeProperties_existingClusterId": {
                        "value": "[parameters('Unity_Catalog_Cluster_properties_typeProperties_existingClusterId')]"
                    }
                }
            },
            "dependsOn": []
        },
        {
            "name": "mx-core-data-prod-dfws_ArmTemplate_1",
            "type": "Microsoft.Resources/deployments",
            "apiVersion": "2018-02-01",
            "properties": {
                "mode": "incremental",
                "templateLink": {
                    "uri": "[concat(parameters('containerUri'), '/ArmTemplate_1.json', parameters('containerSasToken'))]",
                    "contentVersion": "1.0.0.0"
                },
                "parameters": {
                    "factoryName": {
                        "value": "[parameters('factoryName')]"
                    },
                    "HrHumanCapital_LS_properties_typeProperties_serviceEndpoint": {
                        "value": "[parameters('HrHumanCapital_LS_properties_typeProperties_serviceEndpoint')]"
                    },
                    "MxRedLake_properties_typeProperties_url": {
                        "value": "[parameters('MxRedLake_properties_typeProperties_url')]"
                    },
                    "TRG_BCG_KPP_properties_typeProperties_scope": {
                        "value": "[parameters('TRG_BCG_KPP_properties_typeProperties_scope')]"
                    }
                }
            },
            "dependsOn": [
                "[resourceId('Microsoft.Resources/deployments', 'mx-core-data-prod-dfws_ArmTemplate_0')]"
            ]
        },
        {
            "name": "mx-core-data-prod-dfws_ArmTemplate_2",
            "type": "Microsoft.Resources/deployments",
            "apiVersion": "2018-02-01",
            "properties": {
                "mode": "incremental",
                "templateLink": {
                    "uri": "[concat(parameters('containerUri'), '/ArmTemplate_2.json', parameters('containerSasToken'))]",
                    "contentVersion": "1.0.0.0"
                },
                "parameters": {
                    "factoryName": {
                        "value": "[parameters('factoryName')]"
                    },
                    "Filesystem_LS_password": {
                        "value": "[parameters('Filesystem_LS_password')]"
                    },
                    "Prod_Netezza1_Analytics_connectionString": {
                        "value": "[parameters('Prod_Netezza1_Analytics_connectionString')]"
                    },
                    "Catman_connectionString": {
                        "value": "[parameters('Catman_connectionString')]"
                    },
                    "Netezza_Analytics_connectionString": {
                        "value": "[parameters('Netezza_Analytics_connectionString')]"
                    },
                    "Netezza_Archive_connectionString": {
                        "value": "[parameters('Netezza_Archive_connectionString')]"
                    },
                    "Netezza_Landing_connectionString": {
                        "value": "[parameters('Netezza_Landing_connectionString')]"
                    },
                    "Filesystem_LS_properties_typeProperties_host": {
                        "value": "[parameters('Filesystem_LS_properties_typeProperties_host')]"
                    },
                    "Filesystem_LS_properties_typeProperties_userId": {
                        "value": "[parameters('Filesystem_LS_properties_typeProperties_userId')]"
                    },
                    "DB2_ls_properties_typeProperties_connectionString_secretName": {
                        "value": "[parameters('DB2_ls_properties_typeProperties_connectionString_secretName')]"
                    },
                    "azsql-db-ls_properties_typeProperties_connectionString_secretName": {
                        "value": "[parameters('azsql-db-ls_properties_typeProperties_connectionString_secretName')]"
                    },
                    "EDW_DB2_LS_properties_typeProperties_connectionString_secretName": {
                        "value": "[parameters('EDW_DB2_LS_properties_typeProperties_connectionString_secretName')]"
                    },
                    "postgre_ls_properties_typeProperties_connectionString_secretName": {
                        "value": "[parameters('postgre_ls_properties_typeProperties_connectionString_secretName')]"
                    },
                    "MxItemIaportCassandraDB_properties_typeProperties_connectionString_secretName": {
                        "value": "[parameters('MxItemIaportCassandraDB_properties_typeProperties_connectionString_secretName')]"
                    },
                    "MxOffersCassandraDB_properties_typeProperties_connectionString_secretName": {
                        "value": "[parameters('MxOffersCassandraDB_properties_typeProperties_connectionString_secretName')]"
                    },
                    "ePlum_NAS_LS_properties_typeProperties_host": {
                        "value": "[parameters('ePlum_NAS_LS_properties_typeProperties_host')]"
                    },
                    "ePlum_NAS_LS_properties_typeProperties_userId": {
                        "value": "[parameters('ePlum_NAS_LS_properties_typeProperties_userId')]"
                    },
                    "MxPVGYugaByteDB_properties_typeProperties_connectionString_secretName": {
                        "value": "[parameters('MxPVGYugaByteDB_properties_typeProperties_connectionString_secretName')]"
                    },
                    "ePLUM_NAS_PERF_STATS_properties_typeProperties_host": {
                        "value": "[parameters('ePLUM_NAS_PERF_STATS_properties_typeProperties_host')]"
                    },
                    "ePLUM_NAS_PERF_STATS_properties_typeProperties_userId": {
                        "value": "[parameters('ePLUM_NAS_PERF_STATS_properties_typeProperties_userId')]"
                    }
                }
            },
            "dependsOn": [
                "[resourceId('Microsoft.Resources/deployments', 'mx-core-data-prod-dfws_ArmTemplate_1')]"
            ]
        },
        {
            "name": "mx-core-data-prod-dfws_ArmTemplate_3",
            "type": "Microsoft.Resources/deployments",
            "apiVersion": "2018-02-01",
            "properties": {
                "mode": "incremental",
                "templateLink": {
                    "uri": "[concat(parameters('containerUri'), '/ArmTemplate_3.json', parameters('containerSasToken'))]",
                    "contentVersion": "1.0.0.0"
                },
                "parameters": {
                    "factoryName": {
                        "value": "[parameters('factoryName')]"
                    }
                }
            },
            "dependsOn": [
                "[resourceId('Microsoft.Resources/deployments', 'mx-core-data-prod-dfws_ArmTemplate_2')]"
            ]
        },
        {
            "name": "mx-core-data-prod-dfws_ArmTemplate_4",
            "type": "Microsoft.Resources/deployments",
            "apiVersion": "2018-02-01",
            "properties": {
                "mode": "incremental",
                "templateLink": {
                    "uri": "[concat(parameters('containerUri'), '/ArmTemplate_4.json', parameters('containerSasToken'))]",
                    "contentVersion": "1.0.0.0"
                },
                "parameters": {
                    "factoryName": {
                        "value": "[parameters('factoryName')]"
                    }
                }
            },
            "dependsOn": [
                "[resourceId('Microsoft.Resources/deployments', 'mx-core-data-prod-dfws_ArmTemplate_3')]"
            ]
        },
        {
            "name": "mx-core-data-prod-dfws_ArmTemplate_5",
            "type": "Microsoft.Resources/deployments",
            "apiVersion": "2018-02-01",
            "properties": {
                "mode": "incremental",
                "templateLink": {
                    "uri": "[concat(parameters('containerUri'), '/ArmTemplate_5.json', parameters('containerSasToken'))]",
                    "contentVersion": "1.0.0.0"
                },
                "parameters": {
                    "factoryName": {
                        "value": "[parameters('factoryName')]"
                    }
                }
            },
            "dependsOn": [
                "[resourceId('Microsoft.Resources/deployments', 'mx-core-data-prod-dfws_ArmTemplate_4')]"
            ]
        },
        {
            "name": "mx-core-data-prod-dfws_ArmTemplate_6",
            "type": "Microsoft.Resources/deployments",
            "apiVersion": "2018-02-01",
            "properties": {
                "mode": "incremental",
                "templateLink": {
                    "uri": "[concat(parameters('containerUri'), '/ArmTemplate_6.json', parameters('containerSasToken'))]",
                    "contentVersion": "1.0.0.0"
                },
                "parameters": {
                    "factoryName": {
                        "value": "[parameters('factoryName')]"
                    }
                }
            },
            "dependsOn": [
                "[resourceId('Microsoft.Resources/deployments', 'mx-core-data-prod-dfws_ArmTemplate_5')]"
            ]
        },
        {
            "name": "mx-core-data-prod-dfws_ArmTemplate_7",
            "type": "Microsoft.Resources/deployments",
            "apiVersion": "2018-02-01",
            "properties": {
                "mode": "incremental",
                "templateLink": {
                    "uri": "[concat(parameters('containerUri'), '/ArmTemplate_7.json', parameters('containerSasToken'))]",
                    "contentVersion": "1.0.0.0"
                },
                "parameters": {
                    "factoryName": {
                        "value": "[parameters('factoryName')]"
                    }
                }
            },
            "dependsOn": [
                "[resourceId('Microsoft.Resources/deployments', 'mx-core-data-prod-dfws_ArmTemplate_6')]"
            ]
        },
        {
            "name": "mx-core-data-prod-dfws_ArmTemplate_8",
            "type": "Microsoft.Resources/deployments",
            "apiVersion": "2018-02-01",
            "properties": {
                "mode": "incremental",
                "templateLink": {
                    "uri": "[concat(parameters('containerUri'), '/ArmTemplate_8.json', parameters('containerSasToken'))]",
                    "contentVersion": "1.0.0.0"
                },
                "parameters": {
                    "factoryName": {
                        "value": "[parameters('factoryName')]"
                    },
                    "TRG_MX_DBX_MONITOR_MASTER_properties_PL_MX_DBX_MONITOR_MASTER_parameters_base_uri_input": {
                        "value": "[parameters('TRG_MX_DBX_MONITOR_MASTER_properties_PL_MX_DBX_MONITOR_MASTER_parameters_base_uri_input')]"
                    },
                    "TRG_MX_DBX_MONITOR_MASTER_properties_PL_MX_DBX_MONITOR_MASTER_parameters_max_wait_time": {
                        "value": "[parameters('TRG_MX_DBX_MONITOR_MASTER_properties_PL_MX_DBX_MONITOR_MASTER_parameters_max_wait_time')]"
                    }
                }
            },
            "dependsOn": [
                "[resourceId('Microsoft.Resources/deployments', 'mx-core-data-prod-dfws_ArmTemplate_7')]"
            ]
        },
        {
            "name": "mx-core-data-prod-dfws_ArmTemplate_9",
            "type": "Microsoft.Resources/deployments",
            "apiVersion": "2018-02-01",
            "properties": {
                "mode": "incremental",
                "templateLink": {
                    "uri": "[concat(parameters('containerUri'), '/ArmTemplate_9.json', parameters('containerSasToken'))]",
                    "contentVersion": "1.0.0.0"
                },
                "parameters": {
                    "factoryName": {
                        "value": "[parameters('factoryName')]"
                    }
                }
            },
            "dependsOn": [
                "[resourceId('Microsoft.Resources/deployments', 'mx-core-data-prod-dfws_ArmTemplate_8')]"
            ]
        },
        {
            "name": "mx-core-data-prod-dfws_ArmTemplate_10",
            "type": "Microsoft.Resources/deployments",
            "apiVersion": "2018-02-01",
            "properties": {
                "mode": "incremental",
                "templateLink": {
                    "uri": "[concat(parameters('containerUri'), '/ArmTemplate_10.json', parameters('containerSasToken'))]",
                    "contentVersion": "1.0.0.0"
                },
                "parameters": {
                    "factoryName": {
                        "value": "[parameters('factoryName')]"
                    }
                }
            },
            "dependsOn": [
                "[resourceId('Microsoft.Resources/deployments', 'mx-core-data-prod-dfws_ArmTemplate_9')]"
            ]
        },
        {
            "name": "mx-core-data-prod-dfws_ArmTemplate_11",
            "type": "Microsoft.Resources/deployments",
            "apiVersion": "2018-02-01",
            "properties": {
                "mode": "incremental",
                "templateLink": {
                    "uri": "[concat(parameters('containerUri'), '/ArmTemplate_11.json', parameters('containerSasToken'))]",
                    "contentVersion": "1.0.0.0"
                },
                "parameters": {
                    "factoryName": {
                        "value": "[parameters('factoryName')]"
                    }
                }
            },
            "dependsOn": [
                "[resourceId('Microsoft.Resources/deployments', 'mx-core-data-prod-dfws_ArmTemplate_10')]"
            ]
        },
        {
            "name": "mx-core-data-prod-dfws_ArmTemplate_12",
            "type": "Microsoft.Resources/deployments",
            "apiVersion": "2018-02-01",
            "properties": {
                "mode": "incremental",
                "templateLink": {
                    "uri": "[concat(parameters('containerUri'), '/ArmTemplate_12.json', parameters('containerSasToken'))]",
                    "contentVersion": "1.0.0.0"
                },
                "parameters": {
                    "factoryName": {
                        "value": "[parameters('factoryName')]"
                    },
                    "PZN_Digital_Ads_Groveland_properties_typeProperties_scope": {
                        "value": "[parameters('PZN_Digital_Ads_Groveland_properties_typeProperties_scope')]"
                    },
                    "Digital_Ads_PZN_Oklahoma_properties_typeProperties_scope": {
                        "value": "[parameters('Digital_Ads_PZN_Oklahoma_properties_typeProperties_scope')]"
                    }
                }
            },
            "dependsOn": [
                "[resourceId('Microsoft.Resources/deployments', 'mx-core-data-prod-dfws_ArmTemplate_11')]"
            ]
        },
        {
            "name": "mx-core-data-prod-dfws_ArmTemplate_13",
            "type": "Microsoft.Resources/deployments",
            "apiVersion": "2018-02-01",
            "properties": {
                "mode": "incremental",
                "templateLink": {
                    "uri": "[concat(parameters('containerUri'), '/ArmTemplate_13.json', parameters('containerSasToken'))]",
                    "contentVersion": "1.0.0.0"
                },
                "parameters": {
                    "factoryName": {
                        "value": "[parameters('factoryName')]"
                    }
                }
            },
            "dependsOn": [
                "[resourceId('Microsoft.Resources/deployments', 'mx-core-data-prod-dfws_ArmTemplate_12')]"
            ]
        },
        {
            "name": "mx-core-data-prod-dfws_ArmTemplate_14",
            "type": "Microsoft.Resources/deployments",
            "apiVersion": "2018-02-01",
            "properties": {
                "mode": "incremental",
                "templateLink": {
                    "uri": "[concat(parameters('containerUri'), '/ArmTemplate_14.json', parameters('containerSasToken'))]",
                    "contentVersion": "1.0.0.0"
                },
                "parameters": {
                    "factoryName": {
                        "value": "[parameters('factoryName')]"
                    }
                }
            },
            "dependsOn": [
                "[resourceId('Microsoft.Resources/deployments', 'mx-core-data-prod-dfws_ArmTemplate_13')]"
            ]
        },
        {
            "name": "mx-core-data-prod-dfws_ArmTemplate_15",
            "type": "Microsoft.Resources/deployments",
            "apiVersion": "2018-02-01",
            "properties": {
                "mode": "incremental",
                "templateLink": {
                    "uri": "[concat(parameters('containerUri'), '/ArmTemplate_15.json', parameters('containerSasToken'))]",
                    "contentVersion": "1.0.0.0"
                },
                "parameters": {
                    "factoryName": {
                        "value": "[parameters('factoryName')]"
                    }
                }
            },
            "dependsOn": [
                "[resourceId('Microsoft.Resources/deployments', 'mx-core-data-prod-dfws_ArmTemplate_14')]"
            ]
        },
        {
            "name": "mx-core-data-prod-dfws_ArmTemplate_16",
            "type": "Microsoft.Resources/deployments",
            "apiVersion": "2018-02-01",
            "properties": {
                "mode": "incremental",
                "templateLink": {
                    "uri": "[concat(parameters('containerUri'), '/ArmTemplate_16.json', parameters('containerSasToken'))]",
                    "contentVersion": "1.0.0.0"
                },
                "parameters": {
                    "factoryName": {
                        "value": "[parameters('factoryName')]"
                    },
                    "TRG_BCG_KPP_LOAD_properties_typeProperties_scope": {
                        "value": "[parameters('TRG_BCG_KPP_LOAD_properties_typeProperties_scope')]"
                    },
                    "DIM_RPM_POINT_CLUBS_properties_PL_NZ_LND_TO_ADLS_parameters_SR_NO": {
                        "value": "[parameters('DIM_RPM_POINT_CLUBS_properties_PL_NZ_LND_TO_ADLS_parameters_SR_NO')]"
                    },
                    "TRG_POP_PIM_ITEM_SMOKE_SUITE_properties_typeProperties_scope": {
                        "value": "[parameters('TRG_POP_PIM_ITEM_SMOKE_SUITE_properties_typeProperties_scope')]"
                    },
                    "TRGG_POP_PIM_ITEM_DELTA_PUBLISH_properties_typeProperties_scope": {
                        "value": "[parameters('TRGG_POP_PIM_ITEM_DELTA_PUBLISH_properties_typeProperties_scope')]"
                    }
                }
            },
            "dependsOn": [
                "[resourceId('Microsoft.Resources/deployments', 'mx-core-data-prod-dfws_ArmTemplate_15')]"
            ]
        },
        {
            "name": "mx-core-data-prod-dfws_ArmTemplate_17",
            "type": "Microsoft.Resources/deployments",
            "apiVersion": "2018-02-01",
            "properties": {
                "mode": "incremental",
                "templateLink": {
                    "uri": "[concat(parameters('containerUri'), '/ArmTemplate_17.json', parameters('containerSasToken'))]",
                    "contentVersion": "1.0.0.0"
                },
                "parameters": {
                    "factoryName": {
                        "value": "[parameters('factoryName')]"
                    },
                    "Boost Trigger Missing 2x Fuel Points_properties_PL_BOOST_MISSING_2X_FUEL_POINTS_parameters_Start_Date": {
                        "value": "[parameters('Boost Trigger Missing 2x Fuel Points_properties_PL_BOOST_MISSING_2X_FUEL_POINTS_parameters_Start_Date')]"
                    },
                    "Boost Trigger Missing 2x Fuel Points_properties_PL_BOOST_MISSING_2X_FUEL_POINTS_parameters_End_Date": {
                        "value": "[parameters('Boost Trigger Missing 2x Fuel Points_properties_PL_BOOST_MISSING_2X_FUEL_POINTS_parameters_End_Date')]"
                    },
                    "Boost Trigger Missing 2x Fuel Points_properties_PL_BOOST_MISSING_2X_FUEL_POINTS_parameters_Program_Id": {
                        "value": "[parameters('Boost Trigger Missing 2x Fuel Points_properties_PL_BOOST_MISSING_2X_FUEL_POINTS_parameters_Program_Id')]"
                    },
                    "TRG_Send_Email_Groveland_properties_typeProperties_scope": {
                        "value": "[parameters('TRG_Send_Email_Groveland_properties_typeProperties_scope')]"
                    },
                    "TR_PZN_Digital_Ads_Send_Email_Oklahoma_properties_typeProperties_scope": {
                        "value": "[parameters('TR_PZN_Digital_Ads_Send_Email_Oklahoma_properties_typeProperties_scope')]"
                    }
                }
            },
            "dependsOn": [
                "[resourceId('Microsoft.Resources/deployments', 'mx-core-data-prod-dfws_ArmTemplate_16')]"
            ]
        }
    ]
}