{
    "$schema": "http://schema.management.azure.com/schemas/2015-01-01/deploymentTemplate.json#",
    "contentVersion": "1.0.0.0",
    "parameters": {
        "factoryName": {
            "type": "string",
            "metadata": "Data Factory name",
            "defaultValue": "mx-core-data-prod-dfws"
        }
    },
    "variables": {
        "factoryId": "[concat('Microsoft.DataFactory/factories/', parameters('factoryName'))]"
    },
    "resources": [
        {
            "name": "[concat(parameters('factoryName'), '/FACILITIES_IR_SERVER_BINARY')]",
            "type": "Microsoft.DataFactory/factories/datasets",
            "apiVersion": "2018-06-01",
            "properties": {
                "linkedServiceName": {
                    "referenceName": "Filesystem_LS",
                    "type": "LinkedServiceReference"
                },
                "parameters": {
                    "FolderPath": {
                        "type": "string"
                    },
                    "FileName": {
                        "type": "string"
                    }
                },
                "folder": {
                    "name": "EXTRACTS"
                },
                "annotations": [],
                "type": "Binary",
                "typeProperties": {
                    "location": {
                        "type": "FileServerLocation",
                        "fileName": {
                            "value": "@dataset().FileName",
                            "type": "Expression"
                        },
                        "folderPath": {
                            "value": "@dataset().FolderPath",
                            "type": "Expression"
                        }
                    }
                }
            },
            "dependsOn": []
        },
        {
            "name": "[concat(parameters('factoryName'), '/DD_ON_PREM_SUCCESS2')]",
            "type": "Microsoft.DataFactory/factories/datasets",
            "apiVersion": "2018-06-01",
            "properties": {
                "linkedServiceName": {
                    "referenceName": "Filesystem_LS",
                    "type": "LinkedServiceReference"
                },
                "parameters": {
                    "filename": {
                        "type": "string"
                    }
                },
                "annotations": [],
                "type": "DelimitedText",
                "typeProperties": {
                    "location": {
                        "type": "FileServerLocation",
                        "fileName": {
                            "value": "@dataset().filename",
                            "type": "Expression"
                        },
                        "folderPath": "mx/adf_logs/SUCCESS"
                    },
                    "columnDelimiter": ",",
                    "escapeChar": "\\",
                    "quoteChar": "\""
                },
                "schema": []
            },
            "dependsOn": []
        },
        {
            "name": "[concat(parameters('factoryName'), '/DS_IR_MONITORING')]",
            "type": "Microsoft.DataFactory/factories/datasets",
            "apiVersion": "2018-06-01",
            "properties": {
                "linkedServiceName": {
                    "referenceName": "Filesystem_LS",
                    "type": "LinkedServiceReference"
                },
                "annotations": [],
                "type": "DelimitedText",
                "typeProperties": {
                    "location": {
                        "type": "FileServerLocation"
                    },
                    "columnDelimiter": ",",
                    "escapeChar": "\\",
                    "firstRowAsHeader": true,
                    "quoteChar": "\""
                },
                "schema": []
            },
            "dependsOn": []
        },
        {
            "name": "[concat(parameters('factoryName'), '/DS_MX_SQLSERVER_CATMAN')]",
            "type": "Microsoft.DataFactory/factories/datasets",
            "apiVersion": "2018-06-01",
            "properties": {
                "linkedServiceName": {
                    "referenceName": "Catman",
                    "type": "LinkedServiceReference"
                },
                "parameters": {
                    "table_name": {
                        "type": "string"
                    }
                },
                "folder": {
                    "name": "CATMAN_DATA"
                },
                "annotations": [],
                "type": "SqlServerTable",
                "schema": [],
                "typeProperties": {
                    "schema": "dbo",
                    "table": {
                        "value": "@dataset().table_name",
                        "type": "Expression"
                    }
                }
            },
            "dependsOn": []
        },
        {
            "name": "[concat(parameters('factoryName'), '/DS_MX_BILLING_DIVISION_SUPPLIER_HUB')]",
            "type": "Microsoft.DataFactory/factories/datasets",
            "apiVersion": "2018-06-01",
            "properties": {
                "linkedServiceName": {
                    "referenceName": "Filesystem_LS",
                    "type": "LinkedServiceReference"
                },
                "folder": {
                    "name": "SUPPLIER_HUB"
                },
                "annotations": [],
                "type": "DelimitedText",
                "typeProperties": {
                    "location": {
                        "type": "FileServerLocation",
                        "fileName": "lz_Billing_Division_Extract.csv",
                        "folderPath": "mx/data/inbound/SupplierHub"
                    },
                    "columnDelimiter": "|",
                    "escapeChar": "\\",
                    "firstRowAsHeader": true,
                    "quoteChar": ""
                },
                "schema": [
                    {
                        "type": "String"
                    }
                ]
            },
            "dependsOn": []
        },
        {
            "name": "[concat(parameters('factoryName'), '/DS_MX_SUPPLIERHUB_CSV_BILLING_DIVISION')]",
            "type": "Microsoft.DataFactory/factories/datasets",
            "apiVersion": "2018-06-01",
            "properties": {
                "description": "Extract of VPS Billing Division associated with the CCN/ KNUMBER/ Vendors.",
                "linkedServiceName": {
                    "referenceName": "Filesystem_LS",
                    "type": "LinkedServiceReference"
                },
                "folder": {
                    "name": "SUPPLIER_HUB"
                },
                "annotations": [],
                "type": "DelimitedText",
                "typeProperties": {
                    "location": {
                        "type": "FileServerLocation",
                        "fileName": "lz_Billing_Division_Extract.csv",
                        "folderPath": "mx/data/inbound/SupplierHub"
                    },
                    "columnDelimiter": ",",
                    "escapeChar": "\\",
                    "quoteChar": "\""
                },
                "schema": [
                    {
                        "type": "String"
                    }
                ]
            },
            "dependsOn": []
        },
        {
            "name": "[concat(parameters('factoryName'), '/DS_MX_CCN_EXTRACT_SUPPLIER_HUB')]",
            "type": "Microsoft.DataFactory/factories/datasets",
            "apiVersion": "2018-06-01",
            "properties": {
                "linkedServiceName": {
                    "referenceName": "Filesystem_LS",
                    "type": "LinkedServiceReference"
                },
                "folder": {
                    "name": "SUPPLIER_HUB"
                },
                "annotations": [],
                "type": "DelimitedText",
                "typeProperties": {
                    "location": {
                        "type": "FileServerLocation",
                        "fileName": "lz_CCN_Extract.csv",
                        "folderPath": "mx/data/inbound/SupplierHub"
                    },
                    "columnDelimiter": "|",
                    "escapeChar": "",
                    "firstRowAsHeader": true,
                    "quoteChar": ""
                },
                "schema": [
                    {
                        "type": "String"
                    }
                ]
            },
            "dependsOn": []
        },
        {
            "name": "[concat(parameters('factoryName'), '/DS_MX_KNUMBER_SUPPLIER_HUB')]",
            "type": "Microsoft.DataFactory/factories/datasets",
            "apiVersion": "2018-06-01",
            "properties": {
                "linkedServiceName": {
                    "referenceName": "Filesystem_LS",
                    "type": "LinkedServiceReference"
                },
                "folder": {
                    "name": "SUPPLIER_HUB"
                },
                "annotations": [],
                "type": "DelimitedText",
                "typeProperties": {
                    "location": {
                        "type": "FileServerLocation",
                        "fileName": "lz_Knumber_Extract.csv",
                        "folderPath": "mx/data/inbound/SupplierHub"
                    },
                    "columnDelimiter": "|",
                    "escapeChar": "",
                    "firstRowAsHeader": true,
                    "quoteChar": ""
                },
                "schema": [
                    {
                        "type": "String"
                    }
                ]
            },
            "dependsOn": []
        },
        {
            "name": "[concat(parameters('factoryName'), '/DS_MX_PARTY_CONTACTS_SUPPLIER_HUB')]",
            "type": "Microsoft.DataFactory/factories/datasets",
            "apiVersion": "2018-06-01",
            "properties": {
                "linkedServiceName": {
                    "referenceName": "Filesystem_LS",
                    "type": "LinkedServiceReference"
                },
                "folder": {
                    "name": "SUPPLIER_HUB"
                },
                "annotations": [],
                "type": "DelimitedText",
                "typeProperties": {
                    "location": {
                        "type": "FileServerLocation",
                        "fileName": "lz_Party_Contacts.csv",
                        "folderPath": "mx/data/inbound/SupplierHub"
                    },
                    "columnDelimiter": "|",
                    "escapeChar": "",
                    "firstRowAsHeader": true,
                    "quoteChar": ""
                },
                "schema": [
                    {
                        "type": "String"
                    }
                ]
            },
            "dependsOn": []
        },
        {
            "name": "[concat(parameters('factoryName'), '/DS_MX_PARTY_EXTRACT_SUPPLIER_HUB')]",
            "type": "Microsoft.DataFactory/factories/datasets",
            "apiVersion": "2018-06-01",
            "properties": {
                "linkedServiceName": {
                    "referenceName": "Filesystem_LS",
                    "type": "LinkedServiceReference"
                },
                "folder": {
                    "name": "SUPPLIER_HUB"
                },
                "annotations": [],
                "type": "DelimitedText",
                "typeProperties": {
                    "location": {
                        "type": "FileServerLocation",
                        "fileName": "lz_Party_Extract.csv",
                        "folderPath": "mx/data/inbound/SupplierHub"
                    },
                    "columnDelimiter": "|",
                    "escapeChar": "",
                    "firstRowAsHeader": true,
                    "quoteChar": ""
                },
                "schema": [
                    {
                        "type": "String"
                    }
                ]
            },
            "dependsOn": []
        },
        {
            "name": "[concat(parameters('factoryName'), '/DS_MX_PARTY_SITE_SUPPLIER_HUB')]",
            "type": "Microsoft.DataFactory/factories/datasets",
            "apiVersion": "2018-06-01",
            "properties": {
                "linkedServiceName": {
                    "referenceName": "Filesystem_LS",
                    "type": "LinkedServiceReference"
                },
                "folder": {
                    "name": "SUPPLIER_HUB"
                },
                "annotations": [],
                "type": "DelimitedText",
                "typeProperties": {
                    "location": {
                        "type": "FileServerLocation",
                        "fileName": "lz_Party_Site_Extract.csv",
                        "folderPath": "mx/data/inbound/SupplierHub"
                    },
                    "columnDelimiter": "|",
                    "escapeChar": "",
                    "firstRowAsHeader": true,
                    "quoteChar": ""
                },
                "schema": [
                    {
                        "type": "String"
                    }
                ]
            },
            "dependsOn": []
        },
        {
            "name": "[concat(parameters('factoryName'), '/DS_MX_POV_EXTRACT_SUPPLIER_HUB')]",
            "type": "Microsoft.DataFactory/factories/datasets",
            "apiVersion": "2018-06-01",
            "properties": {
                "linkedServiceName": {
                    "referenceName": "Filesystem_LS",
                    "type": "LinkedServiceReference"
                },
                "folder": {
                    "name": "SUPPLIER_HUB"
                },
                "annotations": [],
                "type": "DelimitedText",
                "typeProperties": {
                    "location": {
                        "type": "FileServerLocation",
                        "fileName": "lz_POV_Extract.csv",
                        "folderPath": "mx/data/inbound/SupplierHub"
                    },
                    "columnDelimiter": "|",
                    "escapeChar": "",
                    "firstRowAsHeader": true,
                    "quoteChar": ""
                },
                "schema": [
                    {
                        "type": "String"
                    }
                ]
            },
            "dependsOn": []
        },
        {
            "name": "[concat(parameters('factoryName'), '/DS_MX_VENDOR_SITES_SUPPLIER_HUB')]",
            "type": "Microsoft.DataFactory/factories/datasets",
            "apiVersion": "2018-06-01",
            "properties": {
                "linkedServiceName": {
                    "referenceName": "Filesystem_LS",
                    "type": "LinkedServiceReference"
                },
                "folder": {
                    "name": "SUPPLIER_HUB"
                },
                "annotations": [],
                "type": "DelimitedText",
                "typeProperties": {
                    "location": {
                        "type": "FileServerLocation",
                        "fileName": "lz_Vendor_Sites.csv",
                        "folderPath": "mx/data/inbound/SupplierHub"
                    },
                    "columnDelimiter": "|",
                    "escapeChar": "",
                    "firstRowAsHeader": true,
                    "quoteChar": ""
                },
                "schema": [
                    {
                        "type": "String"
                    }
                ]
            },
            "dependsOn": []
        },
        {
            "name": "[concat(parameters('factoryName'), '/DS_DSDDVSEG_ODBC')]",
            "type": "Microsoft.DataFactory/factories/datasets",
            "apiVersion": "2018-06-01",
            "properties": {
                "linkedServiceName": {
                    "referenceName": "DB2_ls",
                    "type": "LinkedServiceReference"
                },
                "annotations": [],
                "type": "OdbcTable",
                "schema": [],
                "typeProperties": {
                    "tableName": "\"DSD\".\"DSDDVSEG\""
                }
            },
            "dependsOn": []
        },
        {
            "name": "[concat(parameters('factoryName'), '/DS_DSDDVSEG_ODBC1')]",
            "type": "Microsoft.DataFactory/factories/datasets",
            "apiVersion": "2018-06-01",
            "properties": {
                "linkedServiceName": {
                    "referenceName": "DB2_ls",
                    "type": "LinkedServiceReference"
                },
                "annotations": [],
                "type": "OdbcTable",
                "schema": [],
                "typeProperties": {
                    "tableName": "\"DSD\".\"DSDDVSEG\""
                }
            },
            "dependsOn": []
        },
        {
            "name": "[concat(parameters('factoryName'), '/DestinationDataset_okq')]",
            "type": "Microsoft.DataFactory/factories/datasets",
            "apiVersion": "2018-06-01",
            "properties": {
                "linkedServiceName": {
                    "referenceName": "Filesystem_LS",
                    "type": "LinkedServiceReference"
                },
                "parameters": {
                    "Filename": {
                        "type": "string"
                    }
                },
                "annotations": [],
                "type": "DelimitedText",
                "typeProperties": {
                    "location": {
                        "type": "FileServerLocation",
                        "fileName": {
                            "value": "@dataset().Filename",
                            "type": "Expression"
                        },
                        "folderPath": "mx/data/inbound/CostAdhocFiles"
                    },
                    "columnDelimiter": "|",
                    "escapeChar": "",
                    "firstRowAsHeader": true,
                    "quoteChar": ""
                },
                "schema": []
            },
            "dependsOn": []
        },
        {
            "name": "[concat(parameters('factoryName'), '/DestinationDataset_okq_Binary')]",
            "type": "Microsoft.DataFactory/factories/datasets",
            "apiVersion": "2018-06-01",
            "properties": {
                "linkedServiceName": {
                    "referenceName": "Filesystem_LS",
                    "type": "LinkedServiceReference"
                },
                "annotations": [],
                "type": "Binary",
                "typeProperties": {
                    "location": {
                        "type": "FileServerLocation",
                        "folderPath": "mx/data/inbound/CostSampleFiles"
                    }
                }
            },
            "dependsOn": []
        },
        {
            "name": "[concat(parameters('factoryName'), '/LOGS_COPY_SQL_DB')]",
            "type": "Microsoft.DataFactory/factories/datasets",
            "apiVersion": "2018-06-01",
            "properties": {
                "linkedServiceName": {
                    "referenceName": "azsql-db-ls",
                    "type": "LinkedServiceReference"
                },
                "annotations": [],
                "type": "AzureSqlTable",
                "schema": [
                    {
                        "name": "SLNO",
                        "type": "int",
                        "precision": 10
                    },
                    {
                        "name": "DATAFACTORY_NAME",
                        "type": "varchar"
                    },
                    {
                        "name": "PIPELINE_NAME",
                        "type": "varchar"
                    },
                    {
                        "name": "PIPELINE_RUNID",
                        "type": "varchar"
                    },
                    {
                        "name": "dataRead",
                        "type": "int",
                        "precision": 10
                    },
                    {
                        "name": "dataWritten",
                        "type": "int",
                        "precision": 10
                    },
                    {
                        "name": "copyDuration",
                        "type": "int",
                        "precision": 10
                    },
                    {
                        "name": "filesRead",
                        "type": "int",
                        "precision": 10
                    },
                    {
                        "name": "filesWritten",
                        "type": "int",
                        "precision": 10
                    }
                ],
                "typeProperties": {
                    "schema": "MX_METADATA",
                    "table": "COPY_LOGS"
                }
            },
            "dependsOn": []
        },
        {
            "name": "[concat(parameters('factoryName'), '/DS_MX_SQLSERVER_CATMAN_CATEGORY_ASSOCIATION')]",
            "type": "Microsoft.DataFactory/factories/datasets",
            "apiVersion": "2018-06-01",
            "properties": {
                "linkedServiceName": {
                    "referenceName": "Catman",
                    "type": "LinkedServiceReference"
                },
                "folder": {
                    "name": "CATMAN_DATA"
                },
                "annotations": [],
                "type": "SqlServerTable",
                "schema": [],
                "typeProperties": {
                    "schema": "dbo",
                    "table": "CATEGORY_ASSOCIATION"
                }
            },
            "dependsOn": []
        },
        {
            "name": "[concat(parameters('factoryName'), '/FINTECH_IR_SERVER_BINARY')]",
            "type": "Microsoft.DataFactory/factories/datasets",
            "apiVersion": "2018-06-01",
            "properties": {
                "linkedServiceName": {
                    "referenceName": "Filesystem_LS",
                    "type": "LinkedServiceReference"
                },
                "annotations": [],
                "type": "Binary",
                "typeProperties": {
                    "location": {
                        "type": "FileServerLocation",
                        "folderPath": "mx/data/outbound/fintech"
                    }
                }
            },
            "dependsOn": []
        }
    ]
}