{
    "$schema": "http://schema.management.azure.com/schemas/2015-01-01/deploymentTemplate.json#",
    "contentVersion": "1.0.0.0",
    "parameters": {
        "factoryName": {
            "type": "string",
            "metadata": "Data Factory name",
            "defaultValue": "mx-core-data-prod-dfws"
        }
    },
    "variables": {
        "factoryId": "[concat('Microsoft.DataFactory/factories/', parameters('factoryName'))]"
    },
    "resources": [
        {
            "name": "[concat(parameters('factoryName'), '/DS_FINTECH_STAGE')]",
            "type": "Microsoft.DataFactory/factories/datasets",
            "apiVersion": "2018-06-01",
            "properties": {
                "linkedServiceName": {
                    "referenceName": "ADF-GEN2-LS",
                    "type": "LinkedServiceReference"
                },
                "folder": {
                    "name": "PID"
                },
                "annotations": [],
                "type": "DelimitedText",
                "typeProperties": {
                    "location": {
                        "type": "AzureBlobFSLocation",
                        "folderPath": "fintech",
                        "fileSystem": "mx-core-data-prod-pid-container"
                    },
                    "columnDelimiter": ",",
                    "escapeChar": "\\",
                    "firstRowAsHeader": false,
                    "quoteChar": "\""
                },
                "schema": []
            },
            "dependsOn": []
        },
        {
            "name": "[concat(parameters('factoryName'), '/DS_FINTECH')]",
            "type": "Microsoft.DataFactory/factories/datasets",
            "apiVersion": "2018-06-01",
            "properties": {
                "linkedServiceName": {
                    "referenceName": "ADF-GEN2-LS",
                    "type": "LinkedServiceReference"
                },
                "parameters": {
                    "Filename": {
                        "type": "string"
                    }
                },
                "folder": {
                    "name": "PID"
                },
                "annotations": [],
                "type": "DelimitedText",
                "typeProperties": {
                    "location": {
                        "type": "AzureBlobFSLocation",
                        "fileName": {
                            "value": "@dataset().Filename",
                            "type": "Expression"
                        },
                        "folderPath": "fintech/new",
                        "fileSystem": "mx-core-data-prod-pid-container"
                    },
                    "columnDelimiter": ",",
                    "escapeChar": "\\",
                    "firstRowAsHeader": false,
                    "quoteChar": ""
                },
                "schema": []
            },
            "dependsOn": []
        },
        {
            "name": "[concat(parameters('factoryName'), '/DS_MONITORING_IR_SRC')]",
            "type": "Microsoft.DataFactory/factories/datasets",
            "apiVersion": "2018-06-01",
            "properties": {
                "linkedServiceName": {
                    "referenceName": "ADF-GEN2-LS",
                    "type": "LinkedServiceReference"
                },
                "annotations": [],
                "type": "DelimitedText",
                "typeProperties": {
                    "location": {
                        "type": "AzureBlobFSLocation",
                        "fileName": "LOGS.txt",
                        "fileSystem": "mx-core-data-prod-pid-container"
                    },
                    "columnDelimiter": ",",
                    "escapeChar": "\\",
                    "firstRowAsHeader": true,
                    "quoteChar": "\""
                },
                "schema": []
            },
            "dependsOn": []
        },
        {
            "name": "[concat(parameters('factoryName'), '/AUDIT_TABLE_BOOST_MISSING_FEE')]",
            "type": "Microsoft.DataFactory/factories/datasets",
            "apiVersion": "2018-06-01",
            "properties": {
                "linkedServiceName": {
                    "referenceName": "ADF-GEN2-LS",
                    "type": "LinkedServiceReference"
                },
                "parameters": {
                    "filename": {
                        "type": "string"
                    }
                },
                "folder": {
                    "name": "DS_BOOST_MISSING_FEE"
                },
                "annotations": [],
                "type": "DelimitedText",
                "typeProperties": {
                    "location": {
                        "type": "AzureBlobFSLocation",
                        "fileName": {
                            "value": "@dataset().filename",
                            "type": "Expression"
                        },
                        "folderPath": "FEE_MISSED/AUDIT_TABLE",
                        "fileSystem": "mx-core-data-prod-offers-container"
                    },
                    "columnDelimiter": ",",
                    "escapeChar": "\\",
                    "firstRowAsHeader": true,
                    "quoteChar": "\""
                },
                "schema": []
            },
            "dependsOn": []
        },
        {
            "name": "[concat(parameters('factoryName'), '/DS_CATMAN_DATA_MX_CURATED_ZONE')]",
            "type": "Microsoft.DataFactory/factories/datasets",
            "apiVersion": "2018-06-01",
            "properties": {
                "linkedServiceName": {
                    "referenceName": "ADF-GEN2-LS",
                    "type": "LinkedServiceReference"
                },
                "annotations": [],
                "type": "DelimitedText",
                "typeProperties": {
                    "location": {
                        "type": "AzureBlobFSLocation",
                        "fileName": "DSDDVSEG",
                        "folderPath": "Dev",
                        "fileSystem": "mx-insights-dev-data-container"
                    },
                    "columnDelimiter": ",",
                    "escapeChar": "\\",
                    "firstRowAsHeader": true,
                    "quoteChar": "\""
                },
                "schema": [
                    {
                        "type": "String"
                    }
                ]
            },
            "dependsOn": []
        },
        {
            "name": "[concat(parameters('factoryName'), '/DS_CATMAN_DATA_MX_LANDING_ZONE_DEV')]",
            "type": "Microsoft.DataFactory/factories/datasets",
            "apiVersion": "2018-06-01",
            "properties": {
                "linkedServiceName": {
                    "referenceName": "MxDmpLandingZone",
                    "type": "LinkedServiceReference"
                },
                "parameters": {
                    "filename": {
                        "type": "string"
                    }
                },
                "folder": {
                    "name": "CATMAN_DATA"
                },
                "annotations": [],
                "type": "DelimitedText",
                "typeProperties": {
                    "location": {
                        "type": "AzureBlobFSLocation",
                        "fileName": {
                            "value": "@concat(dataset().filename, '_', formatDateTime(utcnow(), 'yyyyMMdd'))\n",
                            "type": "Expression"
                        },
                        "folderPath": "catman",
                        "fileSystem": "merchandising"
                    },
                    "columnDelimiter": ",",
                    "escapeChar": "",
                    "firstRowAsHeader": true,
                    "quoteChar": ""
                },
                "schema": []
            },
            "dependsOn": []
        },
        {
            "name": "[concat(parameters('factoryName'), '/DS_SUPPLIER_HUB_DATA_MX_LANDING_ZONE_DEV')]",
            "type": "Microsoft.DataFactory/factories/datasets",
            "apiVersion": "2018-06-01",
            "properties": {
                "linkedServiceName": {
                    "referenceName": "MxDmpLandingZone",
                    "type": "LinkedServiceReference"
                },
                "parameters": {
                    "filename": {
                        "type": "string"
                    }
                },
                "folder": {
                    "name": "SUPPLIER_HUB"
                },
                "annotations": [],
                "type": "DelimitedText",
                "typeProperties": {
                    "location": {
                        "type": "AzureBlobFSLocation",
                        "fileName": {
                            "value": "@concat(dataset().filename, '_', formatDateTime(utcnow(), 'yyyyMMdd'),'.csv')",
                            "type": "Expression"
                        },
                        "folderPath": "supplier_hub",
                        "fileSystem": "merchandising"
                    },
                    "columnDelimiter": "|",
                    "escapeChar": "",
                    "firstRowAsHeader": true,
                    "quoteChar": ""
                },
                "schema": []
            },
            "dependsOn": []
        },
        {
            "name": "[concat(parameters('factoryName'), '/DS_DB20_DATA_MX_LANDING_ZONE_DEV')]",
            "type": "Microsoft.DataFactory/factories/datasets",
            "apiVersion": "2018-06-01",
            "properties": {
                "linkedServiceName": {
                    "referenceName": "MxDmpLandingZone",
                    "type": "LinkedServiceReference"
                },
                "parameters": {
                    "filename": {
                        "type": "string"
                    }
                },
                "folder": {
                    "name": "SUPPLIER_HUB"
                },
                "annotations": [],
                "type": "DelimitedText",
                "typeProperties": {
                    "location": {
                        "type": "AzureBlobFSLocation",
                        "fileName": {
                            "value": "@concat(dataset().filename, '_', formatDateTime(utcnow(), 'yyyyMMdd'),'.txt')\n",
                            "type": "Expression"
                        },
                        "folderPath": "db20",
                        "fileSystem": "merchandising"
                    },
                    "columnDelimiter": ",",
                    "escapeChar": "\\",
                    "firstRowAsHeader": true,
                    "quoteChar": "\""
                },
                "schema": []
            },
            "dependsOn": []
        },
        {
            "name": "[concat(parameters('factoryName'), '/DS_CATMAN_DATA_MX_CURATED_ZONE1')]",
            "type": "Microsoft.DataFactory/factories/datasets",
            "apiVersion": "2018-06-01",
            "properties": {
                "linkedServiceName": {
                    "referenceName": "ADF-GEN2-LS",
                    "type": "LinkedServiceReference"
                },
                "annotations": [],
                "type": "DelimitedText",
                "typeProperties": {
                    "location": {
                        "type": "AzureBlobFSLocation",
                        "fileName": "DSDDVSEG",
                        "folderPath": "Dev",
                        "fileSystem": "mx-core-data-prod-data-container"
                    },
                    "columnDelimiter": ",",
                    "escapeChar": "\\",
                    "firstRowAsHeader": true,
                    "quoteChar": "\""
                },
                "schema": [
                    {
                        "type": "String"
                    }
                ]
            },
            "dependsOn": []
        },
        {
            "name": "[concat(parameters('factoryName'), '/DS_COST_ITEM_FILE')]",
            "type": "Microsoft.DataFactory/factories/datasets",
            "apiVersion": "2018-06-01",
            "properties": {
                "linkedServiceName": {
                    "referenceName": "ADF-GEN2-LS",
                    "type": "LinkedServiceReference"
                },
                "folder": {
                    "name": "COST"
                },
                "annotations": [],
                "type": "DelimitedText",
                "typeProperties": {
                    "location": {
                        "type": "AzureBlobFSLocation",
                        "folderPath": "item/KROGER_ITEMS_20230802170206.txt",
                        "fileSystem": "mx-core-data-prod-cost-container"
                    },
                    "columnDelimiter": "|",
                    "escapeChar": "\\",
                    "firstRowAsHeader": true,
                    "quoteChar": "\""
                },
                "schema": [
                    {
                        "name": "Division Code|Division Name|Warehouse Code|Warehouse Name|Department Code|Department Name|Product Category Code|Product Category Name|Sub Category Code|Sub Category Name|Category Manager Code|Category Manager Name|Category Manager Email|Corporate Item Number|Division Item Number|Item Description|Case UPC|Consumer UPC|Vendor Pack|Store Order Pack|Unit Size|Unit of Measure|Item Group Number|Item Group Name|Vendor Number 1|Vendor Number 2|Vendor Name|Item Type|DSD|Distribution Status|User Defined Text 1|User Defined Text 2|User Defined Text 3|Secondary Approver Type|Secondary Approver Code|Secondary Approver Name|Secondary Approver Email",
                        "type": "String"
                    }
                ]
            },
            "dependsOn": []
        },
        {
            "name": "[concat(parameters('factoryName'), '/DS_COST_COST_FILE')]",
            "type": "Microsoft.DataFactory/factories/datasets",
            "apiVersion": "2018-06-01",
            "properties": {
                "linkedServiceName": {
                    "referenceName": "ADF-GEN2-LS",
                    "type": "LinkedServiceReference"
                },
                "folder": {
                    "name": "COST"
                },
                "annotations": [],
                "type": "DelimitedText",
                "typeProperties": {
                    "location": {
                        "type": "AzureBlobFSLocation",
                        "fileName": "*.csv",
                        "folderPath": "trimmed-cost/KROGER_COST_20230803063405.txt",
                        "fileSystem": "mx-core-data-prod-cost-container"
                    },
                    "columnDelimiter": "|",
                    "escapeChar": "\\",
                    "firstRowAsHeader": true,
                    "quoteChar": "\""
                },
                "schema": [
                    {
                        "name": "Division Code|Warehouse Code|Corporate Item Number|PO Vendor Number|AP Vendor Number|Case UPC|Consumer UPC|Vendor Pack|Master Pack|Effective Start Date|Unit Cost|Unit Wholesale Cost|Unit Price|Cost Change Number",
                        "type": "String"
                    }
                ]
            },
            "dependsOn": []
        },
        {
            "name": "[concat(parameters('factoryName'), '/DS_COPY_COPY_SOURCE_BINARY')]",
            "type": "Microsoft.DataFactory/factories/datasets",
            "apiVersion": "2018-06-01",
            "properties": {
                "linkedServiceName": {
                    "referenceName": "ADF-GEN2-LS",
                    "type": "LinkedServiceReference"
                },
                "annotations": [],
                "type": "Binary",
                "typeProperties": {
                    "location": {
                        "type": "AzureBlobFSLocation",
                        "folderPath": "sample_files/cost_sample",
                        "fileSystem": "mx-core-data-prod-data-container"
                    }
                }
            },
            "dependsOn": []
        },
        {
            "name": "[concat(parameters('factoryName'), '/dupefolder')]",
            "type": "Microsoft.DataFactory/factories/datasets",
            "apiVersion": "2018-06-01",
            "properties": {
                "linkedServiceName": {
                    "referenceName": "ADF-BLOB-LS",
                    "type": "LinkedServiceReference"
                },
                "annotations": [],
                "type": "DelimitedText",
                "typeProperties": {
                    "location": {
                        "type": "AzureBlobStorageLocation",
                        "folderPath": "output/dupes",
                        "container": "mycontainer"
                    },
                    "columnDelimiter": ",",
                    "escapeChar": "\\",
                    "firstRowAsHeader": true,
                    "quoteChar": "\""
                },
                "schema": []
            },
            "dependsOn": []
        },
        {
            "name": "[concat(parameters('factoryName'), '/DS_CATMAN_DATA_HEADER_TEST')]",
            "type": "Microsoft.DataFactory/factories/datasets",
            "apiVersion": "2018-06-01",
            "properties": {
                "linkedServiceName": {
                    "referenceName": "MxDmpLandingZone",
                    "type": "LinkedServiceReference"
                },
                "parameters": {
                    "filename": {
                        "type": "string"
                    }
                },
                "folder": {
                    "name": "CATMAN_DATA"
                },
                "annotations": [],
                "type": "DelimitedText",
                "typeProperties": {
                    "location": {
                        "type": "AzureBlobFSLocation",
                        "fileName": {
                            "value": "@dataset().filename",
                            "type": "Expression"
                        },
                        "folderPath": "catman",
                        "fileSystem": "merchandising"
                    },
                    "columnDelimiter": ",",
                    "escapeChar": "\\",
                    "firstRowAsHeader": true,
                    "quoteChar": "\""
                },
                "schema": []
            },
            "dependsOn": []
        },
        {
            "name": "[concat(parameters('factoryName'), '/names100')]",
            "type": "Microsoft.DataFactory/factories/datasets",
            "apiVersion": "2018-06-01",
            "properties": {
                "linkedServiceName": {
                    "referenceName": "ADF-BLOB-LS",
                    "type": "LinkedServiceReference"
                },
                "annotations": [],
                "type": "DelimitedText",
                "typeProperties": {
                    "location": {
                        "type": "AzureBlobStorageLocation",
                        "fileName": "90 Records.csv",
                        "folderPath": "SampleData/HR",
                        "container": "mycontainer"
                    },
                    "columnDelimiter": ",",
                    "escapeChar": "\\",
                    "firstRowAsHeader": true,
                    "quoteChar": "\""
                },
                "schema": [
                    {
                        "name": "Emp ID",
                        "type": "String"
                    },
                    {
                        "name": "Name Prefix",
                        "type": "String"
                    },
                    {
                        "name": "First Name",
                        "type": "String"
                    },
                    {
                        "name": "Middle Initial",
                        "type": "String"
                    },
                    {
                        "name": "Last Name",
                        "type": "String"
                    },
                    {
                        "name": "Gender",
                        "type": "String"
                    },
                    {
                        "name": "E Mail",
                        "type": "String"
                    },
                    {
                        "name": "Father's Name",
                        "type": "String"
                    },
                    {
                        "name": "Mother's Name",
                        "type": "String"
                    },
                    {
                        "name": "Mother's Maiden Name",
                        "type": "String"
                    },
                    {
                        "name": "Date of Birth",
                        "type": "String"
                    },
                    {
                        "name": "Time of Birth",
                        "type": "String"
                    },
                    {
                        "name": "Age in Yrs.",
                        "type": "String"
                    },
                    {
                        "name": "Weight in Kgs.",
                        "type": "String"
                    },
                    {
                        "name": "Date of Joining",
                        "type": "String"
                    },
                    {
                        "name": "Quarter of Joining",
                        "type": "String"
                    },
                    {
                        "name": "Half of Joining",
                        "type": "String"
                    },
                    {
                        "name": "Year of Joining",
                        "type": "String"
                    },
                    {
                        "name": "Month of Joining",
                        "type": "String"
                    },
                    {
                        "name": "Month Name of Joining",
                        "type": "String"
                    },
                    {
                        "name": "Short Month",
                        "type": "String"
                    },
                    {
                        "name": "Day of Joining",
                        "type": "String"
                    },
                    {
                        "name": "DOW of Joining",
                        "type": "String"
                    },
                    {
                        "name": "Short DOW",
                        "type": "String"
                    },
                    {
                        "name": "Age in Company (Years)",
                        "type": "String"
                    },
                    {
                        "name": "Salary",
                        "type": "String"
                    },
                    {
                        "name": "Last % Hike",
                        "type": "String"
                    },
                    {
                        "name": "SSN",
                        "type": "String"
                    },
                    {
                        "name": "Phone No. ",
                        "type": "String"
                    },
                    {
                        "name": "Place Name",
                        "type": "String"
                    },
                    {
                        "name": "County",
                        "type": "String"
                    },
                    {
                        "name": "City",
                        "type": "String"
                    },
                    {
                        "name": "State",
                        "type": "String"
                    },
                    {
                        "name": "Zip",
                        "type": "String"
                    },
                    {
                        "name": "Region",
                        "type": "String"
                    },
                    {
                        "name": "User Name",
                        "type": "String"
                    },
                    {
                        "name": "Password",
                        "type": "String"
                    }
                ]
            },
            "dependsOn": []
        },
        {
            "name": "[concat(parameters('factoryName'), '/DS_MX_LANDING_BILLING_DIVISION_SUPPLIER_HUB')]",
            "type": "Microsoft.DataFactory/factories/datasets",
            "apiVersion": "2018-06-01",
            "properties": {
                "linkedServiceName": {
                    "referenceName": "MxDmpLandingZone",
                    "type": "LinkedServiceReference"
                },
                "folder": {
                    "name": "SUPPLIER_HUB"
                },
                "annotations": [],
                "type": "DelimitedText",
                "typeProperties": {
                    "location": {
                        "type": "AzureBlobFSLocation",
                        "folderPath": "supplier_hub",
                        "fileSystem": "merchandising"
                    },
                    "columnDelimiter": ",",
                    "escapeChar": "\\",
                    "quoteChar": "\""
                },
                "schema": []
            },
            "dependsOn": []
        },
        {
            "name": "[concat(parameters('factoryName'), '/DelimitedText9')]",
            "type": "Microsoft.DataFactory/factories/datasets",
            "apiVersion": "2018-06-01",
            "properties": {
                "linkedServiceName": {
                    "referenceName": "ADF-BLOB-LS",
                    "type": "LinkedServiceReference"
                },
                "parameters": {
                    "Containername": {
                        "type": "string"
                    }
                },
                "annotations": [],
                "type": "DelimitedText",
                "typeProperties": {
                    "location": {
                        "type": "AzureBlobStorageLocation",
                        "container": {
                            "value": "@dataset().Containername",
                            "type": "Expression"
                        }
                    },
                    "columnDelimiter": ",",
                    "escapeChar": "\\",
                    "quoteChar": "\""
                },
                "schema": [
                    {
                        "type": "String"
                    }
                ]
            },
            "dependsOn": []
        },
        {
            "name": "[concat(parameters('factoryName'), '/LOGS_TARGET')]",
            "type": "Microsoft.DataFactory/factories/datasets",
            "apiVersion": "2018-06-01",
            "properties": {
                "linkedServiceName": {
                    "referenceName": "ADF-GEN2-LS",
                    "type": "LinkedServiceReference"
                },
                "parameters": {
                    "filename": {
                        "type": "string"
                    }
                },
                "annotations": [],
                "type": "DelimitedText",
                "typeProperties": {
                    "location": {
                        "type": "AzureBlobFSLocation",
                        "fileName": {
                            "value": "@dataset().filename",
                            "type": "Expression"
                        },
                        "folderPath": "Fintech",
                        "fileSystem": "mx-insights-dev-pid-container"
                    },
                    "columnDelimiter": ",",
                    "escapeChar": "\\",
                    "firstRowAsHeader": false,
                    "quoteChar": "\""
                },
                "schema": []
            },
            "dependsOn": []
        },
        {
            "name": "[concat(parameters('factoryName'), '/Parquet_split_test')]",
            "type": "Microsoft.DataFactory/factories/datasets",
            "apiVersion": "2018-06-01",
            "properties": {
                "linkedServiceName": {
                    "referenceName": "ADF-GEN2-LS",
                    "type": "LinkedServiceReference"
                },
                "parameters": {
                    "file": {
                        "type": "string"
                    }
                },
                "annotations": [],
                "type": "Parquet",
                "typeProperties": {
                    "location": {
                        "type": "AzureBlobFSLocation",
                        "fileName": {
                            "value": "@dataset().file",
                            "type": "Expression"
                        },
                        "folderPath": "Temp/customer_repo_test/stage",
                        "fileSystem": "mx-insights-dev-data-container"
                    },
                    "compressionCodec": "snappy"
                },
                "schema": []
            },
            "dependsOn": []
        },
        {
            "name": "[concat(parameters('factoryName'), '/Binary2')]",
            "type": "Microsoft.DataFactory/factories/datasets",
            "apiVersion": "2018-06-01",
            "properties": {
                "linkedServiceName": {
                    "referenceName": "ADF-GEN2-LS",
                    "type": "LinkedServiceReference"
                },
                "parameters": {
                    "Container_Name_1": {
                        "type": "string"
                    },
                    "Folder_Name_1": {
                        "type": "string"
                    }
                },
                "annotations": [],
                "type": "Binary",
                "typeProperties": {
                    "location": {
                        "type": "AzureBlobFSLocation",
                        "folderPath": {
                            "value": "@dataset().Folder_Name_1",
                            "type": "Expression"
                        },
                        "fileSystem": {
                            "value": "@dataset().Container_Name_1",
                            "type": "Expression"
                        }
                    }
                }
            },
            "dependsOn": []
        }
    ]
}