{
    "$schema": "http://schema.management.azure.com/schemas/2015-01-01/deploymentTemplate.json#",
    "contentVersion": "1.0.0.0",
    "parameters": {
        "factoryName": {
            "type": "string",
            "metadata": "Data Factory name",
            "defaultValue": "mx-core-data-prod-dfws"
        }
    },
    "variables": {
        "factoryId": "[concat('Microsoft.DataFactory/factories/', parameters('factoryName'))]"
    },
    "resources": [
        {
            "name": "[concat(parameters('factoryName'), '/MAX_SET')]",
            "type": "Microsoft.DataFactory/factories/datasets",
            "apiVersion": "2018-06-01",
            "properties": {
                "linkedServiceName": {
                    "referenceName": "MxDmpLandingZone",
                    "type": "LinkedServiceReference"
                },
                "parameters": {
                    "FOLDER": {
                        "type": "string"
                    },
                    "FILE": {
                        "type": "string"
                    },
                    "CONTAINER": {
                        "type": "string"
                    }
                },
                "annotations": [],
                "type": "DelimitedText",
                "typeProperties": {
                    "location": {
                        "type": "AzureBlobFSLocation",
                        "fileName": {
                            "value": "@dataset().FILE",
                            "type": "Expression"
                        },
                        "folderPath": {
                            "value": "@dataset().FOLDER",
                            "type": "Expression"
                        },
                        "fileSystem": "merchandising"
                    },
                    "columnDelimiter": ",",
                    "escapeChar": "\\",
                    "firstRowAsHeader": true,
                    "quoteChar": "\""
                },
                "schema": []
            },
            "dependsOn": []
        },
        {
            "name": "[concat(parameters('factoryName'), '/Json2')]",
            "type": "Microsoft.DataFactory/factories/datasets",
            "apiVersion": "2018-06-01",
            "properties": {
                "linkedServiceName": {
                    "referenceName": "ADF-GEN2-LS",
                    "type": "LinkedServiceReference"
                },
                "annotations": [],
                "type": "Json",
                "typeProperties": {
                    "location": {
                        "type": "AzureBlobFSLocation",
                        "fileSystem": "nyc-taxi-data"
                    }
                },
                "schema": {
                    "type": "object",
                    "properties": {
                        "name": {
                            "type": "string"
                        },
                        "age": {
                            "type": "string"
                        },
                        "EventProcessedUtcTime": {
                            "type": "string"
                        },
                        "PartitionId": {
                            "type": "integer"
                        },
                        "EventEnqueuedUtcTime": {
                            "type": "string"
                        },
                        "remove_from_inventory_job_id": {
                            "type": "string"
                        },
                        "division_no": {
                            "type": "string"
                        },
                        "store_no": {
                            "type": "string"
                        },
                        "euid": {
                            "type": "string"
                        },
                        "remove_from_inventory_job_type_cd_id": {
                            "type": "string"
                        },
                        "remove_from_inventory_job_sts_cd_id": {
                            "type": "string"
                        },
                        "startutc_ts": {
                            "type": "string"
                        }
                    }
                }
            },
            "dependsOn": []
        },
        {
            "name": "[concat(parameters('factoryName'), '/Json1')]",
            "type": "Microsoft.DataFactory/factories/datasets",
            "apiVersion": "2018-06-01",
            "properties": {
                "linkedServiceName": {
                    "referenceName": "ADF-GEN2-LS",
                    "type": "LinkedServiceReference"
                },
                "annotations": [],
                "type": "Json",
                "typeProperties": {
                    "location": {
                        "type": "AzureBlobFSLocation",
                        "fileName": {
                            "value": "@formatDateTime(utcNow(),'yyyy-MM-dd')",
                            "type": "Expression"
                        },
                        "folderPath": "EventHub/Output",
                        "fileSystem": "mx-insights-dev-data-container"
                    }
                },
                "schema": {
                    "type": "object",
                    "properties": {
                        "remove_from_inventory_job_id": {
                            "type": "string"
                        },
                        "division_no": {
                            "type": "string"
                        },
                        "store_no": {
                            "type": "string"
                        },
                        "euid": {
                            "type": "string"
                        },
                        "remove_from_inventory_job_type_cd_id": {
                            "type": "string"
                        },
                        "remove_from_inventory_job_sts_cd_id": {
                            "type": "string"
                        },
                        "startutc_ts": {
                            "type": "string"
                        },
                        "_c7": {
                            "type": "string"
                        },
                        "EventProcessedUtcTime": {
                            "type": "string"
                        },
                        "PartitionId": {
                            "type": "integer"
                        },
                        "EventEnqueuedUtcTime": {
                            "type": "string"
                        }
                    }
                }
            },
            "dependsOn": []
        },
        {
            "name": "[concat(parameters('factoryName'), '/DS_DB20_DATA_MX_CURATED_ZONE')]",
            "type": "Microsoft.DataFactory/factories/datasets",
            "apiVersion": "2018-06-01",
            "properties": {
                "linkedServiceName": {
                    "referenceName": "ADF-GEN2-LS",
                    "type": "LinkedServiceReference"
                },
                "annotations": [],
                "type": "DelimitedText",
                "typeProperties": {
                    "location": {
                        "type": "AzureBlobFSLocation",
                        "fileName": "DSDDVSEG",
                        "folderPath": "Dev",
                        "fileSystem": "mx-insights-dev-data-container"
                    },
                    "columnDelimiter": ",",
                    "escapeChar": "\\",
                    "quoteChar": "\""
                },
                "schema": [
                    {
                        "type": "String"
                    }
                ]
            },
            "dependsOn": []
        },
        {
            "name": "[concat(parameters('factoryName'), '/Parquet_split_1')]",
            "type": "Microsoft.DataFactory/factories/datasets",
            "apiVersion": "2018-06-01",
            "properties": {
                "linkedServiceName": {
                    "referenceName": "ADF-GEN2-LS",
                    "type": "LinkedServiceReference"
                },
                "annotations": [],
                "type": "Parquet",
                "typeProperties": {
                    "location": {
                        "type": "AzureBlobFSLocation",
                        "fileName": "part-00000-6b585f1a-b550-4dd7-8b4a-9601ac050c00.c000.snappy.parquet",
                        "folderPath": "DMP_PROD_DATA/PROGRAMS_POINTDETAILS",
                        "fileSystem": "mx-insights-dev-data-container"
                    },
                    "compressionCodec": "snappy"
                },
                "schema": []
            },
            "dependsOn": []
        },
        {
            "name": "[concat(parameters('factoryName'), '/LOGS_TEST')]",
            "type": "Microsoft.DataFactory/factories/datasets",
            "apiVersion": "2018-06-01",
            "properties": {
                "linkedServiceName": {
                    "referenceName": "ADF-GEN2-LS",
                    "type": "LinkedServiceReference"
                },
                "annotations": [],
                "type": "DelimitedText",
                "typeProperties": {
                    "location": {
                        "type": "AzureBlobFSLocation",
                        "fileName": "LOGS.csv",
                        "fileSystem": "mx-insights-dev-pid-container"
                    },
                    "columnDelimiter": ",",
                    "escapeChar": "\\",
                    "firstRowAsHeader": true,
                    "quoteChar": "\""
                },
                "schema": []
            },
            "dependsOn": []
        },
        {
            "name": "[concat(parameters('factoryName'), '/Point_Data_sample_Data_Dataset')]",
            "type": "Microsoft.DataFactory/factories/datasets",
            "apiVersion": "2018-06-01",
            "properties": {
                "linkedServiceName": {
                    "referenceName": "ADF-GEN2-LS",
                    "type": "LinkedServiceReference"
                },
                "annotations": [],
                "type": "Parquet",
                "typeProperties": {
                    "location": {
                        "type": "AzureBlobFSLocation",
                        "folderPath": "DMP_PROD_DATA/PROGRAMS_POINTDETAILS",
                        "fileSystem": "mx-insights-dev-data-container"
                    },
                    "compressionCodec": "snappy"
                },
                "schema": [
                    {
                        "name": "reconciliation",
                        "type": "UTF8"
                    },
                    {
                        "name": "eventHeader_id",
                        "type": "UTF8"
                    },
                    {
                        "name": "eventHeader_source",
                        "type": "UTF8"
                    },
                    {
                        "name": "eventHeader_time",
                        "type": "INT64"
                    },
                    {
                        "name": "eventHeader_type",
                        "type": "UTF8"
                    },
                    {
                        "name": "summary_amount",
                        "type": "INT64"
                    },
                    {
                        "name": "summary_id",
                        "type": "UTF8"
                    },
                    {
                        "name": "transaction_customerId",
                        "type": "UTF8"
                    },
                    {
                        "name": "transaction_dateTime",
                        "type": "UTF8"
                    },
                    {
                        "name": "transaction_locationId",
                        "type": "UTF8"
                    },
                    {
                        "name": "transaction_proxyLocationId",
                        "type": "UTF8"
                    },
                    {
                        "name": "transaction_timeZone",
                        "type": "UTF8"
                    },
                    {
                        "name": "transaction_total",
                        "type": "UTF8"
                    },
                    {
                        "name": "transaction_transactionId",
                        "type": "UTF8"
                    },
                    {
                        "name": "transaction_programs_amount",
                        "type": "INT64"
                    },
                    {
                        "name": "transaction_programs_id",
                        "type": "UTF8"
                    },
                    {
                        "name": "transaction_programs_resourceIds",
                        "type": "UTF8"
                    },
                    {
                        "name": "transaction_programs_sourceId",
                        "type": "UTF8"
                    },
                    {
                        "name": "ETL_INSERT_DATETIME",
                        "type": "DATE"
                    },
                    {
                        "name": "ETL_LOAD_DATE",
                        "type": "DATE"
                    }
                ]
            },
            "dependsOn": []
        },
        {
            "name": "[concat(parameters('factoryName'), '/Parquet1')]",
            "type": "Microsoft.DataFactory/factories/datasets",
            "apiVersion": "2018-06-01",
            "properties": {
                "linkedServiceName": {
                    "referenceName": "ADF-GEN2-LS",
                    "type": "LinkedServiceReference"
                },
                "annotations": [],
                "type": "Parquet",
                "typeProperties": {
                    "location": {
                        "type": "AzureBlobFSLocation",
                        "fileSystem": "mx-insights-dev-data-container"
                    },
                    "compressionCodec": "snappy"
                },
                "schema": []
            },
            "dependsOn": []
        },
        {
            "name": "[concat(parameters('factoryName'), '/Destination_Storage')]",
            "type": "Microsoft.DataFactory/factories/datasets",
            "apiVersion": "2018-06-01",
            "properties": {
                "linkedServiceName": {
                    "referenceName": "MxDmpLandingZone",
                    "type": "LinkedServiceReference"
                },
                "parameters": {
                    "FILE_NAME": {
                        "type": "string"
                    },
                    "FOLDER_PATH": {
                        "type": "string"
                    },
                    "CONTAINER_NAME": {
                        "type": "string"
                    }
                },
                "annotations": [],
                "type": "Parquet",
                "typeProperties": {
                    "location": {
                        "type": "AzureBlobFSLocation",
                        "fileName": {
                            "value": "@dataset().FILE_NAME",
                            "type": "Expression"
                        },
                        "folderPath": {
                            "value": "@dataset().FOLDER_PATH",
                            "type": "Expression"
                        },
                        "fileSystem": {
                            "value": "@dataset().CONTAINER_NAME",
                            "type": "Expression"
                        }
                    },
                    "compressionCodec": "snappy"
                },
                "schema": []
            },
            "dependsOn": []
        },
        {
            "name": "[concat(parameters('factoryName'), '/DS_COST_ADLS_LAND')]",
            "type": "Microsoft.DataFactory/factories/datasets",
            "apiVersion": "2018-06-01",
            "properties": {
                "linkedServiceName": {
                    "referenceName": "ADF-GEN2-LS",
                    "type": "LinkedServiceReference"
                },
                "parameters": {
                    "filename": {
                        "type": "string"
                    },
                    "container_name": {
                        "type": "string"
                    }
                },
                "annotations": [],
                "type": "DelimitedText",
                "typeProperties": {
                    "location": {
                        "type": "AzureBlobFSLocation",
                        "fileName": {
                            "value": "@concat(dataset().filename, '_', formatDateTime(utcnow(), 'yyyyMMdd'),'.txt')",
                            "type": "Expression"
                        },
                        "folderPath": "cost",
                        "fileSystem": {
                            "value": "@dataset().container_name",
                            "type": "Expression"
                        }
                    },
                    "columnDelimiter": ",",
                    "escapeChar": "\\",
                    "firstRowAsHeader": true,
                    "quoteChar": "\""
                },
                "schema": []
            },
            "dependsOn": []
        },
        {
            "name": "[concat(parameters('factoryName'), '/DS_CATMAN_DATA_MX_RED_LAKE_LANDING_ZONE')]",
            "type": "Microsoft.DataFactory/factories/datasets",
            "apiVersion": "2018-06-01",
            "properties": {
                "linkedServiceName": {
                    "referenceName": "MxDmpLandingRedLakeZone",
                    "type": "LinkedServiceReference"
                },
                "parameters": {
                    "filename": {
                        "type": "string"
                    }
                },
                "folder": {
                    "name": "CATMAN_DATA"
                },
                "annotations": [],
                "type": "DelimitedText",
                "typeProperties": {
                    "location": {
                        "type": "AzureBlobFSLocation",
                        "fileName": {
                            "value": "@concat(dataset().filename, '_', formatDateTime(utcnow(), 'yyyyMMdd'))\n",
                            "type": "Expression"
                        },
                        "folderPath": "catman",
                        "fileSystem": "merchandising"
                    },
                    "columnDelimiter": ",",
                    "escapeChar": "",
                    "firstRowAsHeader": true,
                    "quoteChar": ""
                },
                "schema": []
            },
            "dependsOn": []
        },
        {
            "name": "[concat(parameters('factoryName'), '/DS_SRC_MERCHANT_EXTRACT_SODA_HEALTH')]",
            "type": "Microsoft.DataFactory/factories/datasets",
            "apiVersion": "2018-06-01",
            "properties": {
                "linkedServiceName": {
                    "referenceName": "ADF-GEN2-LS",
                    "type": "LinkedServiceReference"
                },
                "parameters": {
                    "Filename": {
                        "type": "string"
                    },
                    "Folderpath": {
                        "type": "string"
                    },
                    "Containername": {
                        "type": "string"
                    }
                },
                "folder": {
                    "name": "EXTRACTS"
                },
                "annotations": [],
                "type": "DelimitedText",
                "typeProperties": {
                    "location": {
                        "type": "AzureBlobFSLocation",
                        "fileName": {
                            "value": "@dataset().Filename",
                            "type": "Expression"
                        },
                        "folderPath": {
                            "value": "@dataset().Folderpath",
                            "type": "Expression"
                        },
                        "fileSystem": {
                            "value": "@dataset().Containername",
                            "type": "Expression"
                        }
                    },
                    "columnDelimiter": "|",
                    "escapeChar": "\\",
                    "firstRowAsHeader": true,
                    "quoteChar": "\""
                },
                "schema": []
            },
            "dependsOn": []
        },
        {
            "name": "[concat(parameters('factoryName'), '/DS_COST_BINARY_ADLS')]",
            "type": "Microsoft.DataFactory/factories/datasets",
            "apiVersion": "2018-06-01",
            "properties": {
                "linkedServiceName": {
                    "referenceName": "ADF-GEN2-LS",
                    "type": "LinkedServiceReference"
                },
                "annotations": [],
                "type": "Binary",
                "typeProperties": {
                    "location": {
                        "type": "AzureBlobFSLocation",
                        "folderPath": "2023-09-06_1820_FILES",
                        "fileSystem": "mx-core-data-prod-cost-container"
                    }
                }
            },
            "dependsOn": []
        },
        {
            "name": "[concat(parameters('factoryName'), '/Curated_layer')]",
            "type": "Microsoft.DataFactory/factories/datasets",
            "apiVersion": "2018-06-01",
            "properties": {
                "linkedServiceName": {
                    "referenceName": "MxDmpCuratedLayer",
                    "type": "LinkedServiceReference"
                },
                "annotations": [],
                "type": "Binary",
                "typeProperties": {
                    "location": {
                        "type": "AzureBlobFSLocation",
                        "fileSystem": "mx-curated-data"
                    }
                }
            },
            "dependsOn": []
        },
        {
            "name": "[concat(parameters('factoryName'), '/bcg_kpp_data')]",
            "type": "Microsoft.DataFactory/factories/datasets",
            "apiVersion": "2018-06-01",
            "properties": {
                "linkedServiceName": {
                    "referenceName": "ADF-GEN2-LS",
                    "type": "LinkedServiceReference"
                },
                "annotations": [],
                "type": "Binary",
                "typeProperties": {
                    "location": {
                        "type": "AzureBlobFSLocation",
                        "fileSystem": "bcg-kpp-data"
                    }
                }
            },
            "dependsOn": []
        },
        {
            "name": "[concat(parameters('factoryName'), '/Output_bcg')]",
            "type": "Microsoft.DataFactory/factories/datasets",
            "apiVersion": "2018-06-01",
            "properties": {
                "linkedServiceName": {
                    "referenceName": "ADF-GEN2-LS",
                    "type": "LinkedServiceReference"
                },
                "annotations": [],
                "type": "Binary",
                "typeProperties": {
                    "location": {
                        "type": "AzureBlobFSLocation",
                        "folderPath": "BCG_KPP",
                        "fileSystem": "nyc-taxi-data"
                    }
                }
            },
            "dependsOn": []
        },
        {
            "name": "[concat(parameters('factoryName'), '/BCG_Input')]",
            "type": "Microsoft.DataFactory/factories/datasets",
            "apiVersion": "2018-06-01",
            "properties": {
                "linkedServiceName": {
                    "referenceName": "ADF-GEN2-LS",
                    "type": "LinkedServiceReference"
                },
                "parameters": {
                    "Filename": {
                        "type": "string"
                    },
                    "ConatinerName": {
                        "type": "string"
                    }
                },
                "annotations": [],
                "type": "Binary",
                "typeProperties": {
                    "location": {
                        "type": "AzureBlobFSLocation",
                        "fileName": {
                            "value": "@dataset().Filename",
                            "type": "Expression"
                        },
                        "fileSystem": {
                            "value": "@dataset().ConatinerName",
                            "type": "Expression"
                        }
                    }
                }
            },
            "dependsOn": []
        },
        {
            "name": "[concat(parameters('factoryName'), '/DS_COST_OUTBOUND_FILE')]",
            "type": "Microsoft.DataFactory/factories/datasets",
            "apiVersion": "2018-06-01",
            "properties": {
                "linkedServiceName": {
                    "referenceName": "ADF-GEN2-LS",
                    "type": "LinkedServiceReference"
                },
                "parameters": {
                    "container_name": {
                        "type": "string"
                    }
                },
                "folder": {
                    "name": "COST"
                },
                "annotations": [],
                "type": "DelimitedText",
                "typeProperties": {
                    "location": {
                        "type": "AzureBlobFSLocation",
                        "fileSystem": {
                            "value": "@dataset().container_name",
                            "type": "Expression"
                        }
                    },
                    "columnDelimiter": "|",
                    "escapeChar": "\\",
                    "firstRowAsHeader": false,
                    "quoteChar": "\""
                },
                "schema": []
            },
            "dependsOn": []
        },
        {
            "name": "[concat(parameters('factoryName'), '/DS_MX_BCG_KPP_CURATED_PARQUET')]",
            "type": "Microsoft.DataFactory/factories/datasets",
            "apiVersion": "2018-06-01",
            "properties": {
                "linkedServiceName": {
                    "referenceName": "MxDmpCuratedLayer",
                    "type": "LinkedServiceReference"
                },
                "annotations": [],
                "type": "Parquet",
                "typeProperties": {
                    "location": {
                        "type": "AzureBlobFSLocation",
                        "folderPath": "Demo/BCG/Raw",
                        "fileSystem": "mx-curated-data"
                    },
                    "compressionCodec": "none"
                },
                "schema": []
            },
            "dependsOn": []
        },
        {
            "name": "[concat(parameters('factoryName'), '/DS_MX_BCG_KPP_CURATED_RAW')]",
            "type": "Microsoft.DataFactory/factories/datasets",
            "apiVersion": "2018-06-01",
            "properties": {
                "linkedServiceName": {
                    "referenceName": "MxDmpCuratedLayer",
                    "type": "LinkedServiceReference"
                },
                "annotations": [],
                "type": "Parquet",
                "typeProperties": {
                    "location": {
                        "type": "AzureBlobFSLocation",
                        "folderPath": "BCG/KPP/Raw",
                        "fileSystem": "mx-curated-data"
                    },
                    "compressionCodec": "snappy"
                },
                "schema": [
                    {
                        "name": "Prop_0",
                        "type": "UTF8"
                    },
                    {
                        "name": "Prop_1",
                        "type": "UTF8"
                    },
                    {
                        "name": "Prop_2",
                        "type": "UTF8"
                    },
                    {
                        "name": "Prop_3",
                        "type": "UTF8"
                    },
                    {
                        "name": "Prop_4",
                        "type": "UTF8"
                    },
                    {
                        "name": "Prop_5",
                        "type": "UTF8"
                    },
                    {
                        "name": "Prop_6",
                        "type": "UTF8"
                    },
                    {
                        "name": "Prop_7",
                        "type": "UTF8"
                    },
                    {
                        "name": "Prop_8",
                        "type": "UTF8"
                    },
                    {
                        "name": "Prop_9",
                        "type": "UTF8"
                    },
                    {
                        "name": "Prop_10",
                        "type": "UTF8"
                    },
                    {
                        "name": "Prop_11",
                        "type": "UTF8"
                    },
                    {
                        "name": "Prop_12",
                        "type": "UTF8"
                    },
                    {
                        "name": "Prop_13",
                        "type": "UTF8"
                    },
                    {
                        "name": "Prop_14",
                        "type": "UTF8"
                    },
                    {
                        "name": "Prop_15",
                        "type": "UTF8"
                    },
                    {
                        "name": "Prop_16",
                        "type": "UTF8"
                    },
                    {
                        "name": "Prop_17",
                        "type": "UTF8"
                    },
                    {
                        "name": "Prop_18",
                        "type": "UTF8"
                    },
                    {
                        "name": "Prop_19",
                        "type": "UTF8"
                    },
                    {
                        "name": "Prop_20",
                        "type": "UTF8"
                    },
                    {
                        "name": "Prop_21",
                        "type": "UTF8"
                    },
                    {
                        "name": "Prop_22",
                        "type": "UTF8"
                    },
                    {
                        "name": "Prop_23",
                        "type": "UTF8"
                    },
                    {
                        "name": "Prop_24",
                        "type": "UTF8"
                    },
                    {
                        "name": "Prop_25",
                        "type": "UTF8"
                    },
                    {
                        "name": "Prop_26",
                        "type": "UTF8"
                    },
                    {
                        "name": "Prop_27",
                        "type": "UTF8"
                    },
                    {
                        "name": "Prop_28",
                        "type": "UTF8"
                    },
                    {
                        "name": "Prop_29",
                        "type": "UTF8"
                    },
                    {
                        "name": "Prop_30",
                        "type": "UTF8"
                    },
                    {
                        "name": "Prop_31",
                        "type": "UTF8"
                    },
                    {
                        "name": "Prop_32",
                        "type": "UTF8"
                    },
                    {
                        "name": "Prop_33",
                        "type": "UTF8"
                    },
                    {
                        "name": "Prop_34",
                        "type": "UTF8"
                    },
                    {
                        "name": "Prop_35",
                        "type": "UTF8"
                    },
                    {
                        "name": "Prop_36",
                        "type": "UTF8"
                    },
                    {
                        "name": "Prop_37",
                        "type": "UTF8"
                    },
                    {
                        "name": "Prop_38",
                        "type": "UTF8"
                    },
                    {
                        "name": "Prop_39",
                        "type": "UTF8"
                    },
                    {
                        "name": "Prop_40",
                        "type": "UTF8"
                    },
                    {
                        "name": "Prop_41",
                        "type": "UTF8"
                    },
                    {
                        "name": "Prop_42",
                        "type": "UTF8"
                    },
                    {
                        "name": "Prop_43",
                        "type": "UTF8"
                    },
                    {
                        "name": "Prop_44",
                        "type": "UTF8"
                    },
                    {
                        "name": "Prop_45",
                        "type": "UTF8"
                    },
                    {
                        "name": "Prop_46",
                        "type": "UTF8"
                    },
                    {
                        "name": "Prop_47",
                        "type": "UTF8"
                    },
                    {
                        "name": "Prop_48",
                        "type": "UTF8"
                    },
                    {
                        "name": "Prop_49",
                        "type": "UTF8"
                    },
                    {
                        "name": "Prop_50",
                        "type": "UTF8"
                    },
                    {
                        "name": "Prop_51",
                        "type": "UTF8"
                    },
                    {
                        "name": "Prop_52",
                        "type": "UTF8"
                    },
                    {
                        "name": "Prop_53",
                        "type": "UTF8"
                    },
                    {
                        "name": "Prop_54",
                        "type": "UTF8"
                    },
                    {
                        "name": "Prop_55",
                        "type": "UTF8"
                    },
                    {
                        "name": "Prop_56",
                        "type": "UTF8"
                    },
                    {
                        "name": "Prop_57",
                        "type": "UTF8"
                    },
                    {
                        "name": "Prop_58",
                        "type": "UTF8"
                    },
                    {
                        "name": "Prop_59",
                        "type": "UTF8"
                    },
                    {
                        "name": "Prop_60",
                        "type": "UTF8"
                    },
                    {
                        "name": "Prop_61",
                        "type": "UTF8"
                    },
                    {
                        "name": "Prop_62",
                        "type": "UTF8"
                    },
                    {
                        "name": "Prop_63",
                        "type": "UTF8"
                    },
                    {
                        "name": "Prop_64",
                        "type": "UTF8"
                    },
                    {
                        "name": "Prop_65",
                        "type": "UTF8"
                    }
                ]
            },
            "dependsOn": []
        }
    ]
}