{
    "$schema": "http://schema.management.azure.com/schemas/2015-01-01/deploymentTemplate.json#",
    "contentVersion": "1.0.0.0",
    "parameters": {
        "factoryName": {
            "type": "string",
            "metadata": "Data Factory name",
            "defaultValue": "mx-core-data-prod-dfws"
        }
    },
    "variables": {
        "factoryId": "[concat('Microsoft.DataFactory/factories/', parameters('factoryName'))]"
    },
    "resources": [
        {
            "name": "[concat(parameters('factoryName'), '/DS_MX_BCG_KPP_STORAGE_csvgz')]",
            "type": "Microsoft.DataFactory/factories/datasets",
            "apiVersion": "2018-06-01",
            "properties": {
                "linkedServiceName": {
                    "referenceName": "ADF_2nd_GEN2_LS",
                    "type": "LinkedServiceReference"
                },
                "parameters": {
                    "Container_Name": {
                        "type": "string"
                    }
                },
                "annotations": [],
                "type": "DelimitedText",
                "typeProperties": {
                    "location": {
                        "type": "AzureBlobFSLocation",
                        "folderPath": "bcg/KPP_Final_Output",
                        "fileSystem": {
                            "value": "@dataset().Container_Name",
                            "type": "Expression"
                        }
                    },
                    "columnDelimiter": ",",
                    "compressionCodec": "snappy",
                    "escapeChar": "\\",
                    "firstRowAsHeader": false,
                    "quoteChar": "\""
                },
                "schema": [
                    {
                        "name": "2022",
                        "type": "String"
                    },
                    {
                        "name": "4",
                        "type": "String"
                    },
                    {
                        "name": "12",
                        "type": "String"
                    },
                    {
                        "name": "01 GROCERY",
                        "type": "String"
                    },
                    {
                        "name": "174",
                        "type": "String"
                    },
                    {
                        "name": "17 NATURAL FOODS5",
                        "type": "String"
                    },
                    {
                        "name": "176",
                        "type": "String"
                    },
                    {
                        "name": "17 NATURAL FOODS7",
                        "type": "String"
                    },
                    {
                        "name": "627",
                        "type": "String"
                    },
                    {
                        "name": "627 NF BULK FOOD",
                        "type": "String"
                    },
                    {
                        "name": "98284",
                        "type": "String"
                    },
                    {
                        "name": "98284 MISC BULK - DISC DO NOT USE -",
                        "type": "String"
                    },
                    {
                        "name": "46200819278",
                        "type": "String"
                    },
                    {
                        "name": "113",
                        "type": "String"
                    },
                    {
                        "name": "014",
                        "type": "String"
                    },
                    {
                        "name": "DESC UNKNOWN",
                        "type": "String"
                    },
                    {
                        "name": "0000000002151",
                        "type": "String"
                    },
                    {
                        "name": "0000000002151 GTMPL OG COCO ALM GRAN         2151  1LB",
                        "type": "String"
                    },
                    {
                        "name": "GTMPL OG COCO ALM GRAN",
                        "type": "String"
                    },
                    {
                        "name": "2151  1LB",
                        "type": "String"
                    },
                    {
                        "name": "487034",
                        "type": "String"
                    },
                    {
                        "name": "620 King Soopers Operating Division",
                        "type": "String"
                    },
                    {
                        "name": "620",
                        "type": "String"
                    },
                    {
                        "name": "King Soopers Operating Divisio",
                        "type": "String"
                    },
                    {
                        "name": "00000000 KRO VELCTY",
                        "type": "String"
                    },
                    {
                        "name": "025",
                        "type": "String"
                    },
                    {
                        "name": "KRO VELCTY26",
                        "type": "String"
                    },
                    {
                        "name": "OTHER27",
                        "type": "String"
                    },
                    {
                        "name": "OTHER28",
                        "type": "String"
                    },
                    {
                        "name": "OTHER29",
                        "type": "String"
                    },
                    {
                        "name": "OTHER30",
                        "type": "String"
                    },
                    {
                        "name": "KRO VELCTY31",
                        "type": "String"
                    },
                    {
                        "name": "Prop_32",
                        "type": "String"
                    },
                    {
                        "name": "National Brand",
                        "type": "String"
                    },
                    {
                        "name": "N",
                        "type": "String"
                    },
                    {
                        "name": "DSD",
                        "type": "String"
                    },
                    {
                        "name": "Prop_36",
                        "type": "String"
                    },
                    {
                        "name": "037",
                        "type": "String"
                    },
                    {
                        "name": "1.7838",
                        "type": "String"
                    },
                    {
                        "name": "1.7839",
                        "type": "String"
                    },
                    {
                        "name": "3.5440",
                        "type": "String"
                    },
                    {
                        "name": "0.041",
                        "type": "String"
                    },
                    {
                        "name": "3.5442",
                        "type": "String"
                    },
                    {
                        "name": "2.469999999999999843",
                        "type": "String"
                    },
                    {
                        "name": "0.044",
                        "type": "String"
                    },
                    {
                        "name": "2.469999999999999845",
                        "type": "String"
                    },
                    {
                        "name": "0.046",
                        "type": "String"
                    },
                    {
                        "name": "2.469999999999999847",
                        "type": "String"
                    },
                    {
                        "name": "1.070000000000000348",
                        "type": "String"
                    },
                    {
                        "name": "1.070000000000000349",
                        "type": "String"
                    },
                    {
                        "name": "0.050",
                        "type": "String"
                    },
                    {
                        "name": "0.051",
                        "type": "String"
                    },
                    {
                        "name": "0.052",
                        "type": "String"
                    },
                    {
                        "name": "0.053",
                        "type": "String"
                    },
                    {
                        "name": "0.054",
                        "type": "String"
                    },
                    {
                        "name": "0.055",
                        "type": "String"
                    },
                    {
                        "name": "0.056",
                        "type": "String"
                    },
                    {
                        "name": "0.057",
                        "type": "String"
                    },
                    {
                        "name": "0.058",
                        "type": "String"
                    },
                    {
                        "name": "0.059",
                        "type": "String"
                    },
                    {
                        "name": "0.060",
                        "type": "String"
                    },
                    {
                        "name": "0.061",
                        "type": "String"
                    },
                    {
                        "name": "0.062",
                        "type": "String"
                    },
                    {
                        "name": "0.063",
                        "type": "String"
                    },
                    {
                        "name": "0.064",
                        "type": "String"
                    },
                    {
                        "name": "1.070000000000000365",
                        "type": "String"
                    }
                ]
            },
            "dependsOn": []
        },
        {
            "name": "[concat(parameters('factoryName'), '/DS_HT_NEW_ENROLLMENT_SRC')]",
            "type": "Microsoft.DataFactory/factories/datasets",
            "apiVersion": "2018-06-01",
            "properties": {
                "linkedServiceName": {
                    "referenceName": "ADF-GEN2-LS",
                    "type": "LinkedServiceReference"
                },
                "parameters": {
                    "Container_Name": {
                        "type": "string"
                    },
                    "Directory_Name": {
                        "type": "string"
                    },
                    "File_Name": {
                        "type": "string"
                    }
                },
                "annotations": [],
                "type": "DelimitedText",
                "typeProperties": {
                    "location": {
                        "type": "AzureBlobFSLocation",
                        "fileName": {
                            "value": "@dataset().File_Name",
                            "type": "Expression"
                        },
                        "folderPath": {
                            "value": "@dataset().Directory_Name",
                            "type": "Expression"
                        },
                        "fileSystem": {
                            "value": "@dataset().Container_Name",
                            "type": "Expression"
                        }
                    },
                    "columnDelimiter": ",",
                    "escapeChar": "\\",
                    "firstRowAsHeader": true,
                    "quoteChar": "\""
                },
                "schema": []
            },
            "dependsOn": []
        },
        {
            "name": "[concat(parameters('factoryName'), '/AzureDatabricksDeltaLakeDataset1')]",
            "type": "Microsoft.DataFactory/factories/datasets",
            "apiVersion": "2018-06-01",
            "properties": {
                "linkedServiceName": {
                    "referenceName": "DBX_DMP_LS",
                    "type": "LinkedServiceReference"
                },
                "parameters": {
                    "Database_Name": {
                        "type": "string"
                    },
                    "Table_Name": {
                        "type": "string"
                    }
                },
                "annotations": [],
                "type": "AzureDatabricksDeltaLakeDataset",
                "typeProperties": {
                    "database": {
                        "value": "@dataset().Database_Name",
                        "type": "Expression"
                    },
                    "table": {
                        "value": "@dataset().Table_Name",
                        "type": "Expression"
                    }
                },
                "schema": [
                    {
                        "name": "CHANGE_TYPE",
                        "type": "string"
                    },
                    {
                        "name": "PERSON_UUID",
                        "type": "string"
                    },
                    {
                        "name": "EPSN",
                        "type": "string"
                    },
                    {
                        "name": "HOUSEHOLD_UUID",
                        "type": "string"
                    },
                    {
                        "name": "EHHN",
                        "type": "string"
                    },
                    {
                        "name": "FIRST_NAME",
                        "type": "string"
                    },
                    {
                        "name": "LAST_NAME",
                        "type": "string"
                    },
                    {
                        "name": "MIDDLE_NAME",
                        "type": "string"
                    },
                    {
                        "name": "PREFIX",
                        "type": "string"
                    },
                    {
                        "name": "SUFFIX",
                        "type": "string"
                    },
                    {
                        "name": "PERSON_PRIMARY",
                        "type": "string"
                    },
                    {
                        "name": "UTC_MODIFIED_TIMESTAMP",
                        "type": "timestamp"
                    },
                    {
                        "name": "ET_MODIFIED_TIMESTAMP",
                        "type": "timestamp"
                    },
                    {
                        "name": "RELATIONSHIP",
                        "type": "string"
                    },
                    {
                        "name": "TRANSACTION_ID",
                        "type": "string"
                    },
                    {
                        "name": "UTC_TRANSACTION_TIMESTAMP",
                        "type": "timestamp"
                    },
                    {
                        "name": "ET_TRANSACTION_TIMESTAMP",
                        "type": "timestamp"
                    },
                    {
                        "name": "LOAD_DATE",
                        "type": "timestamp"
                    }
                ]
            },
            "dependsOn": []
        },
        {
            "name": "[concat(parameters('factoryName'), '/DS_BCG_UNZIP_CSV_TARG')]",
            "type": "Microsoft.DataFactory/factories/datasets",
            "apiVersion": "2018-06-01",
            "properties": {
                "linkedServiceName": {
                    "referenceName": "ADF_2nd_GEN2_LS",
                    "type": "LinkedServiceReference"
                },
                "annotations": [],
                "type": "DelimitedText",
                "typeProperties": {
                    "location": {
                        "type": "AzureBlobFSLocation",
                        "folderPath": "test/bcg_unzip",
                        "fileSystem": "mx-insights-dev-data-container"
                    },
                    "columnDelimiter": ",",
                    "escapeChar": "\\",
                    "firstRowAsHeader": true,
                    "quoteChar": "\""
                },
                "schema": []
            },
            "dependsOn": []
        },
        {
            "name": "[concat(parameters('factoryName'), '/DS_BCG_ZIP_SRC')]",
            "type": "Microsoft.DataFactory/factories/datasets",
            "apiVersion": "2018-06-01",
            "properties": {
                "linkedServiceName": {
                    "referenceName": "ADF_2nd_GEN2_LS",
                    "type": "LinkedServiceReference"
                },
                "annotations": [],
                "type": "DelimitedText",
                "typeProperties": {
                    "location": {
                        "type": "AzureBlobFSLocation",
                        "fileName": "out-s2.csv",
                        "folderPath": "test/bcg_unzip",
                        "fileSystem": "mx-insights-dev-data-container"
                    },
                    "columnDelimiter": "\t",
                    "compressionCodec": "gzip",
                    "escapeChar": "\\",
                    "firstRowAsHeader": false,
                    "quoteChar": "\""
                },
                "schema": []
            },
            "dependsOn": []
        },
        {
            "name": "[concat(parameters('factoryName'), '/DS_PARQ_UNZIP_TEST')]",
            "type": "Microsoft.DataFactory/factories/datasets",
            "apiVersion": "2018-06-01",
            "properties": {
                "linkedServiceName": {
                    "referenceName": "ADF_2nd_GEN2_LS",
                    "type": "LinkedServiceReference"
                },
                "annotations": [],
                "type": "Parquet",
                "typeProperties": {
                    "location": {
                        "type": "AzureBlobFSLocation",
                        "folderPath": "test/bcg_parquet_tab",
                        "fileSystem": "mx-insights-dev-data-container"
                    },
                    "compressionCodec": "none"
                },
                "schema": []
            },
            "dependsOn": []
        },
        {
            "name": "[concat(parameters('factoryName'), '/DS_MX_BCG_KPP_ADLS_PARQUET')]",
            "type": "Microsoft.DataFactory/factories/datasets",
            "apiVersion": "2018-06-01",
            "properties": {
                "linkedServiceName": {
                    "referenceName": "ADF_2nd_GEN2_LS",
                    "type": "LinkedServiceReference"
                },
                "parameters": {
                    "CONTAINER_NAME": {
                        "type": "string"
                    }
                },
                "annotations": [],
                "type": "Parquet",
                "typeProperties": {
                    "location": {
                        "type": "AzureBlobFSLocation",
                        "folderPath": "bcg/KPP_Final_Output",
                        "fileSystem": {
                            "value": "@dataset().CONTAINER_NAME",
                            "type": "Expression"
                        }
                    },
                    "compressionCodec": "snappy"
                },
                "schema": [
                    {
                        "name": "fiscal_year",
                        "type": "INT64"
                    },
                    {
                        "name": "quarter",
                        "type": "INT64"
                    },
                    {
                        "name": "ft_primary_dept_code",
                        "type": "INT64"
                    },
                    {
                        "name": "ft_primary_department",
                        "type": "UTF8"
                    },
                    {
                        "name": "ft_recap_dept_code",
                        "type": "INT64"
                    },
                    {
                        "name": "ft_recap_department",
                        "type": "UTF8"
                    },
                    {
                        "name": "ft_dept_code",
                        "type": "INT64"
                    },
                    {
                        "name": "ft_department",
                        "type": "UTF8"
                    },
                    {
                        "name": "ft_comm_code",
                        "type": "INT64"
                    },
                    {
                        "name": "ft_commodity",
                        "type": "UTF8"
                    },
                    {
                        "name": "ft_subcom_code",
                        "type": "UTF8"
                    },
                    {
                        "name": "ft_subcommodity",
                        "type": "UTF8"
                    },
                    {
                        "name": "case_gtin_number",
                        "type": "INT64"
                    },
                    {
                        "name": "case_pack",
                        "type": "INT64"
                    },
                    {
                        "name": "rbp_group_id",
                        "type": "INT64"
                    },
                    {
                        "name": "rbp_group",
                        "type": "UTF8"
                    },
                    {
                        "name": "gtin_number",
                        "type": "UTF8"
                    },
                    {
                        "name": "gtin",
                        "type": "UTF8"
                    },
                    {
                        "name": "gtin_description",
                        "type": "UTF8"
                    },
                    {
                        "name": "gtin_size",
                        "type": "UTF8"
                    },
                    {
                        "name": "consumer_upc_id",
                        "type": "INT64"
                    },
                    {
                        "name": "mgmt_division",
                        "type": "UTF8"
                    },
                    {
                        "name": "mgmt_div_number",
                        "type": "INT64"
                    },
                    {
                        "name": "mgmt_div_description",
                        "type": "UTF8"
                    },
                    {
                        "name": "mfg",
                        "type": "UTF8"
                    },
                    {
                        "name": "mfg_code",
                        "type": "INT64"
                    },
                    {
                        "name": "mfg_description",
                        "type": "UTF8"
                    },
                    {
                        "name": "parent_supplier",
                        "type": "UTF8"
                    },
                    {
                        "name": "parent_sub_supplier",
                        "type": "UTF8"
                    },
                    {
                        "name": "brand",
                        "type": "UTF8"
                    },
                    {
                        "name": "sub_brand",
                        "type": "UTF8"
                    },
                    {
                        "name": "parent_vendor",
                        "type": "UTF8"
                    },
                    {
                        "name": "vendor",
                        "type": "UTF8"
                    },
                    {
                        "name": "klp_kmp",
                        "type": "UTF8"
                    },
                    {
                        "name": "klp_kmp_code",
                        "type": "UTF8"
                    },
                    {
                        "name": "delivery_method",
                        "type": "UTF8"
                    },
                    {
                        "name": "plant",
                        "type": "UTF8"
                    },
                    {
                        "name": "scan_unit_qty",
                        "type": "INT64"
                    },
                    {
                        "name": "scan_lbs_amt",
                        "type": "DOUBLE"
                    },
                    {
                        "name": "scan_movement",
                        "type": "DOUBLE"
                    },
                    {
                        "name": "kcms_gross_sales",
                        "type": "DOUBLE"
                    },
                    {
                        "name": "discounts",
                        "type": "DOUBLE"
                    },
                    {
                        "name": "kcms_sales",
                        "type": "DOUBLE"
                    },
                    {
                        "name": "list_cost",
                        "type": "DOUBLE"
                    },
                    {
                        "name": "edlp_support",
                        "type": "DOUBLE"
                    },
                    {
                        "name": "base_cost",
                        "type": "DOUBLE"
                    },
                    {
                        "name": "short_term_contracts",
                        "type": "DOUBLE"
                    },
                    {
                        "name": "kcms_scan_cost",
                        "type": "DOUBLE"
                    },
                    {
                        "name": "kcms_gross_margin",
                        "type": "DOUBLE"
                    },
                    {
                        "name": "agm",
                        "type": "DOUBLE"
                    },
                    {
                        "name": "whs_costs_mapped",
                        "type": "DOUBLE"
                    },
                    {
                        "name": "kpp_warehousing_cost",
                        "type": "DOUBLE"
                    },
                    {
                        "name": "trans_costs_mapped",
                        "type": "DOUBLE"
                    },
                    {
                        "name": "kpp_transportation_cost",
                        "type": "DOUBLE"
                    },
                    {
                        "name": "labor_cost_mapped",
                        "type": "DOUBLE"
                    },
                    {
                        "name": "kpp_labor_cost",
                        "type": "DOUBLE"
                    },
                    {
                        "name": "kmp_mapped",
                        "type": "DOUBLE"
                    },
                    {
                        "name": "kpp_kmp_profit",
                        "type": "DOUBLE"
                    },
                    {
                        "name": "shrink_store_mapped",
                        "type": "DOUBLE"
                    },
                    {
                        "name": "kpp_shrink_store",
                        "type": "DOUBLE"
                    },
                    {
                        "name": "kpp_shrink_reclamation",
                        "type": "DOUBLE"
                    },
                    {
                        "name": "kpp_shrink_fulfillment",
                        "type": "DOUBLE"
                    },
                    {
                        "name": "kpp_shrink_whs",
                        "type": "DOUBLE"
                    },
                    {
                        "name": "kpp_shrink_total",
                        "type": "DOUBLE"
                    },
                    {
                        "name": "kpp_reset_costs",
                        "type": "DOUBLE"
                    },
                    {
                        "name": "kpp",
                        "type": "DOUBLE"
                    }
                ]
            },
            "dependsOn": []
        },
        {
            "name": "[concat(parameters('factoryName'), '/DelimitedText10')]",
            "type": "Microsoft.DataFactory/factories/datasets",
            "apiVersion": "2018-06-01",
            "properties": {
                "linkedServiceName": {
                    "referenceName": "ADF-GEN2-LS",
                    "type": "LinkedServiceReference"
                },
                "annotations": [],
                "type": "DelimitedText",
                "typeProperties": {
                    "location": {
                        "type": "AzureBlobFSLocation",
                        "fileSystem": "bcg-kpp-data"
                    },
                    "columnDelimiter": ",",
                    "compressionCodec": "ZipDeflate",
                    "escapeChar": "\\",
                    "firstRowAsHeader": true,
                    "quoteChar": "\""
                },
                "schema": []
            },
            "dependsOn": []
        },
        {
            "name": "[concat(parameters('factoryName'), '/DS_PARQ_FUNC')]",
            "type": "Microsoft.DataFactory/factories/datasets",
            "apiVersion": "2018-06-01",
            "properties": {
                "linkedServiceName": {
                    "referenceName": "ADF-GEN2-LS",
                    "type": "LinkedServiceReference"
                },
                "annotations": [],
                "type": "Parquet",
                "typeProperties": {
                    "location": {
                        "type": "AzureBlobFSLocation",
                        "folderPath": "Func-data",
                        "fileSystem": "mx-insights-dev-item-loc-container"
                    },
                    "compressionCodec": "snappy"
                },
                "schema": []
            },
            "dependsOn": []
        },
        {
            "name": "[concat(parameters('factoryName'), '/DS_TARGET_FUNC')]",
            "type": "Microsoft.DataFactory/factories/datasets",
            "apiVersion": "2018-06-01",
            "properties": {
                "linkedServiceName": {
                    "referenceName": "ADF-GEN2-LS",
                    "type": "LinkedServiceReference"
                },
                "annotations": [],
                "type": "DelimitedText",
                "typeProperties": {
                    "location": {
                        "type": "AzureBlobFSLocation",
                        "folderPath": "Function_App",
                        "fileSystem": "mx-insights-dev-item-loc-container"
                    },
                    "columnDelimiter": ",",
                    "rowDelimiter": "\n",
                    "escapeChar": "\\",
                    "firstRowAsHeader": true,
                    "quoteChar": "\""
                },
                "schema": []
            },
            "dependsOn": []
        },
        {
            "name": "[concat(parameters('factoryName'), '/Red_Lake_Storage')]",
            "type": "Microsoft.DataFactory/factories/datasets",
            "apiVersion": "2018-06-01",
            "properties": {
                "linkedServiceName": {
                    "referenceName": "MxDmpLandingRedLakeZone",
                    "type": "LinkedServiceReference"
                },
                "parameters": {
                    "FILE_NAME": {
                        "type": "string"
                    },
                    "FOLDER_PATH": {
                        "type": "string"
                    },
                    "CONTAINER_NAME": {
                        "type": "string"
                    }
                },
                "annotations": [],
                "type": "Parquet",
                "typeProperties": {
                    "location": {
                        "type": "AzureBlobFSLocation",
                        "fileName": {
                            "value": "@dataset().FILE_NAME",
                            "type": "Expression"
                        },
                        "folderPath": {
                            "value": "@dataset().FOLDER_PATH",
                            "type": "Expression"
                        },
                        "fileSystem": {
                            "value": "@dataset().CONTAINER_NAME",
                            "type": "Expression"
                        }
                    },
                    "compressionCodec": "snappy"
                },
                "schema": []
            },
            "dependsOn": []
        },
        {
            "name": "[concat(parameters('factoryName'), '/DS_SWITCH_LANDING_MODALITY_OVERRIDE')]",
            "type": "Microsoft.DataFactory/factories/datasets",
            "apiVersion": "2018-06-01",
            "properties": {
                "linkedServiceName": {
                    "referenceName": "MxDmpLandingZone",
                    "type": "LinkedServiceReference"
                },
                "folder": {
                    "name": "Switchboard"
                },
                "annotations": [],
                "type": "Parquet",
                "typeProperties": {
                    "location": {
                        "type": "AzureBlobFSLocation",
                        "fileName": {
                            "value": "@concat('modality_override_', formatDateTime(utcnow(), 'yyyy-MM-dd'), '.parquet')",
                            "type": "Expression"
                        },
                        "folderPath": {
                            "value": "@concat('switch/modality_override/', formatDateTime(utcnow(), 'yyyy-MM-dd'))\n",
                            "type": "Expression"
                        },
                        "fileSystem": "merchandising"
                    },
                    "compressionCodec": "snappy"
                },
                "schema": []
            },
            "dependsOn": []
        },
        {
            "name": "[concat(parameters('factoryName'), '/MX_Destination_Storage')]",
            "type": "Microsoft.DataFactory/factories/datasets",
            "apiVersion": "2018-06-01",
            "properties": {
                "linkedServiceName": {
                    "referenceName": "MxDmpCuratedLayer",
                    "type": "LinkedServiceReference"
                },
                "parameters": {
                    "FILE_NAME": {
                        "type": "string"
                    },
                    "FOLDER_PATH": {
                        "type": "string"
                    },
                    "CONTAINER_NAME": {
                        "type": "string"
                    }
                },
                "annotations": [],
                "type": "Parquet",
                "typeProperties": {
                    "location": {
                        "type": "AzureBlobFSLocation",
                        "fileName": {
                            "value": "@dataset().FILE_NAME",
                            "type": "Expression"
                        },
                        "folderPath": {
                            "value": "@dataset().FOLDER_PATH",
                            "type": "Expression"
                        },
                        "fileSystem": {
                            "value": "@dataset().CONTAINER_NAME",
                            "type": "Expression"
                        }
                    },
                    "compressionCodec": "snappy"
                },
                "schema": []
            },
            "dependsOn": []
        },
        {
            "name": "[concat(parameters('factoryName'), '/Parquet4')]",
            "type": "Microsoft.DataFactory/factories/datasets",
            "apiVersion": "2018-06-01",
            "properties": {
                "linkedServiceName": {
                    "referenceName": "ADF-GEN2-LS",
                    "type": "LinkedServiceReference"
                },
                "annotations": [],
                "type": "Parquet",
                "typeProperties": {
                    "location": {
                        "type": "AzureBlobFSLocation",
                        "folderPath": "seasonal",
                        "fileSystem": "kaiju"
                    },
                    "compressionCodec": "snappy"
                },
                "schema": []
            },
            "dependsOn": []
        },
        {
            "name": "[concat(parameters('factoryName'), '/Parquet2')]",
            "type": "Microsoft.DataFactory/factories/datasets",
            "apiVersion": "2018-06-01",
            "properties": {
                "linkedServiceName": {
                    "referenceName": "ADF-GEN2-LS",
                    "type": "LinkedServiceReference"
                },
                "annotations": [],
                "type": "Parquet",
                "typeProperties": {
                    "location": {
                        "type": "AzureBlobFSLocation",
                        "folderPath": "seasonal",
                        "fileSystem": "kaiju"
                    },
                    "compressionCodec": "snappy"
                },
                "schema": []
            },
            "dependsOn": []
        },
        {
            "name": "[concat(parameters('factoryName'), '/Parquet3')]",
            "type": "Microsoft.DataFactory/factories/datasets",
            "apiVersion": "2018-06-01",
            "properties": {
                "linkedServiceName": {
                    "referenceName": "ADF-GEN2-LS",
                    "type": "LinkedServiceReference"
                },
                "annotations": [],
                "type": "Parquet",
                "typeProperties": {
                    "location": {
                        "type": "AzureBlobFSLocation",
                        "folderPath": "seasonal",
                        "fileSystem": "kaiju"
                    },
                    "compressionCodec": "snappy"
                },
                "schema": [
                    {
                        "name": "SNL_CMT_ID",
                        "type": "INT32"
                    },
                    {
                        "name": "SNL_EVT_ID",
                        "type": "INT32"
                    },
                    {
                        "name": "MGT_DIV_ID",
                        "type": "INT32"
                    },
                    {
                        "name": "DAY_ID",
                        "type": "INT32"
                    },
                    {
                        "name": "SNL_CMT_TX",
                        "type": "UTF8"
                    },
                    {
                        "name": "USR_NAM_TX",
                        "type": "UTF8"
                    }
                ]
            },
            "dependsOn": []
        },
        {
            "name": "[concat(parameters('factoryName'), '/Parquet8')]",
            "type": "Microsoft.DataFactory/factories/datasets",
            "apiVersion": "2018-06-01",
            "properties": {
                "linkedServiceName": {
                    "referenceName": "ADF-GEN2-LS",
                    "type": "LinkedServiceReference"
                },
                "annotations": [],
                "type": "Parquet",
                "typeProperties": {
                    "location": {
                        "type": "AzureBlobFSLocation",
                        "folderPath": "seasonal",
                        "fileSystem": "kaiju"
                    },
                    "compressionCodec": "snappy"
                },
                "schema": [
                    {
                        "name": "SNL_CMT_ID",
                        "type": "INT32"
                    },
                    {
                        "name": "SNL_EVT_ID",
                        "type": "INT32"
                    },
                    {
                        "name": "MGT_DIV_ID",
                        "type": "INT32"
                    },
                    {
                        "name": "DAY_ID",
                        "type": "INT32"
                    },
                    {
                        "name": "SNL_CMT_TX",
                        "type": "UTF8"
                    },
                    {
                        "name": "USR_NAM_TX",
                        "type": "UTF8"
                    }
                ]
            },
            "dependsOn": []
        },
        {
            "name": "[concat(parameters('factoryName'), '/DS_BOOST_ADLS')]",
            "type": "Microsoft.DataFactory/factories/datasets",
            "apiVersion": "2018-06-01",
            "properties": {
                "linkedServiceName": {
                    "referenceName": "ADF-GEN2-LS",
                    "type": "LinkedServiceReference"
                },
                "annotations": [],
                "type": "DelimitedText",
                "typeProperties": {
                    "location": {
                        "type": "AzureBlobFSLocation",
                        "fileName": {
                            "value": "@Concat('Boost_Membership_',formatDateTime(utcnow(),'MM_dd_yyyy') ,'Illinois.csv')\n\n",
                            "type": "Expression"
                        },
                        "fileSystem": "boost-membership"
                    },
                    "columnDelimiter": ",",
                    "escapeChar": "\\",
                    "firstRowAsHeader": false,
                    "quoteChar": "\""
                },
                "schema": []
            },
            "dependsOn": []
        },
        {
            "name": "[concat(parameters('factoryName'), '/Parquet7')]",
            "type": "Microsoft.DataFactory/factories/datasets",
            "apiVersion": "2018-06-01",
            "properties": {
                "linkedServiceName": {
                    "referenceName": "ADF-GEN2-LS",
                    "type": "LinkedServiceReference"
                },
                "annotations": [],
                "type": "Parquet",
                "typeProperties": {
                    "location": {
                        "type": "AzureBlobFSLocation",
                        "folderPath": "seasonal",
                        "fileSystem": "kaiju"
                    },
                    "compressionCodec": "snappy"
                },
                "schema": [
                    {
                        "name": "SNL_CMT_ID",
                        "type": "INT32"
                    },
                    {
                        "name": "SNL_EVT_ID",
                        "type": "INT32"
                    },
                    {
                        "name": "MGT_DIV_ID",
                        "type": "INT32"
                    },
                    {
                        "name": "DAY_ID",
                        "type": "INT32"
                    },
                    {
                        "name": "SNL_CMT_TX",
                        "type": "UTF8"
                    },
                    {
                        "name": "USR_NAM_TX",
                        "type": "UTF8"
                    }
                ]
            },
            "dependsOn": []
        },
        {
            "name": "[concat(parameters('factoryName'), '/Parquet5')]",
            "type": "Microsoft.DataFactory/factories/datasets",
            "apiVersion": "2018-06-01",
            "properties": {
                "linkedServiceName": {
                    "referenceName": "ADF-GEN2-LS",
                    "type": "LinkedServiceReference"
                },
                "annotations": [],
                "type": "Parquet",
                "typeProperties": {
                    "location": {
                        "type": "AzureBlobFSLocation",
                        "folderPath": "seasonal",
                        "fileSystem": "kaiju"
                    },
                    "compressionCodec": "snappy"
                },
                "schema": [
                    {
                        "name": "SNL_CMT_ID",
                        "type": "INT32"
                    },
                    {
                        "name": "SNL_EVT_ID",
                        "type": "INT32"
                    },
                    {
                        "name": "MGT_DIV_ID",
                        "type": "INT32"
                    },
                    {
                        "name": "DAY_ID",
                        "type": "INT32"
                    },
                    {
                        "name": "SNL_CMT_TX",
                        "type": "UTF8"
                    },
                    {
                        "name": "USR_NAM_TX",
                        "type": "UTF8"
                    }
                ]
            },
            "dependsOn": []
        }
    ]
}