{
    "$schema": "http://schema.management.azure.com/schemas/2015-01-01/deploymentTemplate.json#",
    "contentVersion": "1.0.0.0",
    "parameters": {
        "factoryName": {
            "type": "string",
            "metadata": "Data Factory name",
            "defaultValue": "mx-core-data-prod-dfws"
        },
        "HrHumanCapital_LS_properties_typeProperties_serviceEndpoint": {
            "type": "string",
            "defaultValue": "https://sa1092hrsharedprod.blob.core.windows.net/"
        },
        "MxRedLake_properties_typeProperties_url": {
            "type": "string",
            "defaultValue": "https://mxredlakeprodstrg.dfs.core.windows.net/"
        },
        "TRG_BCG_KPP_properties_typeProperties_scope": {
            "type": "string",
            "defaultValue": "/subscriptions/7955bb86-14ca-4ca9-a6b9-978136873edd/resourceGroups/rg-mxi-deva61-eastus2/providers/Microsoft.Storage/storageAccounts/mxinsightsdevstrg"
        }
    },
    "variables": {
        "factoryId": "[concat('Microsoft.DataFactory/factories/', parameters('factoryName'))]"
    },
    "resources": [
        {
            "name": "[concat(parameters('factoryName'), '/HrHumanCapital_LS')]",
            "type": "Microsoft.DataFactory/factories/linkedServices",
            "apiVersion": "2018-06-01",
            "properties": {
                "annotations": [],
                "type": "AzureBlobStorage",
                "typeProperties": {
                    "serviceEndpoint": "[parameters('HrHumanCapital_LS_properties_typeProperties_serviceEndpoint')]",
                    "accountKind": "StorageV2"
                }
            },
            "dependsOn": []
        },
        {
            "name": "[concat(parameters('factoryName'), '/MxRedLake')]",
            "type": "Microsoft.DataFactory/factories/linkedServices",
            "apiVersion": "2018-06-01",
            "properties": {
                "annotations": [],
                "type": "AzureBlobFS",
                "typeProperties": {
                    "url": "[parameters('MxRedLake_properties_typeProperties_url')]"
                }
            },
            "dependsOn": []
        },
        {
            "name": "[concat(parameters('factoryName'), '/default')]",
            "type": "Microsoft.DataFactory/factories/managedVirtualNetworks",
            "apiVersion": "2018-06-01",
            "properties": {},
            "dependsOn": []
        },
        {
            "name": "[concat(parameters('factoryName'), '/NEILSON_TRIGGER')]",
            "type": "Microsoft.DataFactory/factories/triggers",
            "apiVersion": "2018-06-01",
            "properties": {
                "annotations": [],
                "runtimeState": "Stopped",
                "pipelines": [],
                "type": "ScheduleTrigger",
                "typeProperties": {
                    "recurrence": {
                        "frequency": "Day",
                        "interval": 1,
                        "startTime": "2023-03-17T14:24:00",
                        "timeZone": "Eastern Standard Time",
                        "schedule": {
                            "minutes": [
                                0
                            ],
                            "hours": [
                                6
                            ]
                        }
                    }
                }
            },
            "dependsOn": []
        },
        {
            "name": "[concat(parameters('factoryName'), '/Trig_Live_Clicker_Extract')]",
            "type": "Microsoft.DataFactory/factories/triggers",
            "apiVersion": "2018-06-01",
            "properties": {
                "description": "Live clicker trigger",
                "annotations": [],
                "runtimeState": "Stopped",
                "pipelines": [],
                "type": "ScheduleTrigger",
                "typeProperties": {
                    "recurrence": {
                        "frequency": "Minute",
                        "interval": 10,
                        "startTime": "2023-04-27T09:00:00Z",
                        "timeZone": "UTC"
                    }
                }
            },
            "dependsOn": []
        },
        {
            "name": "[concat(parameters('factoryName'), '/TRG_CATMAN_LOAD')]",
            "type": "Microsoft.DataFactory/factories/triggers",
            "apiVersion": "2018-06-01",
            "properties": {
                "description": "Trigger to load Catman data to the DMP on a daily basis.",
                "annotations": [],
                "runtimeState": "Stopped",
                "type": "TumblingWindowTrigger",
                "typeProperties": {
                    "frequency": "Hour",
                    "interval": 24,
                    "startTime": "2023-08-01T20:00:00Z",
                    "delay": "00:00:00",
                    "maxConcurrency": 50,
                    "retryPolicy": {
                        "intervalInSeconds": 30
                    },
                    "dependsOn": []
                }
            },
            "dependsOn": []
        },
        {
            "name": "[concat(parameters('factoryName'), '/TRG_BCG_KPP')]",
            "type": "Microsoft.DataFactory/factories/triggers",
            "apiVersion": "2018-06-01",
            "properties": {
                "annotations": [],
                "runtimeState": "Stopped",
                "pipelines": [],
                "type": "BlobEventsTrigger",
                "typeProperties": {
                    "blobPathBeginsWith": "/bcg-kpp-data/blobs/",
                    "ignoreEmptyBlobs": true,
                    "scope": "[parameters('TRG_BCG_KPP_properties_typeProperties_scope')]",
                    "events": [
                        "Microsoft.Storage.BlobCreated"
                    ]
                }
            },
            "dependsOn": []
        },
        {
            "name": "[concat(parameters('factoryName'), '/TRG_MX_POP_EVERY_TWO_HOUR_CURATION_TABLE_UPDATE')]",
            "type": "Microsoft.DataFactory/factories/triggers",
            "apiVersion": "2018-06-01",
            "properties": {
                "description": "Pop curation table update running every two hours",
                "annotations": [],
                "runtimeState": "Stopped",
                "pipelines": [],
                "type": "ScheduleTrigger",
                "typeProperties": {
                    "recurrence": {
                        "frequency": "Hour",
                        "interval": 2,
                        "startTime": "2023-10-30T00:00:00",
                        "timeZone": "Eastern Standard Time"
                    }
                }
            },
            "dependsOn": []
        },
        {
            "name": "[concat(parameters('factoryName'), '/TRG_MX_POP_WEEKLY_CURATION_TABLE_CREATE')]",
            "type": "Microsoft.DataFactory/factories/triggers",
            "apiVersion": "2018-06-01",
            "properties": {
                "description": "Pop curation table create weekly run",
                "annotations": [],
                "runtimeState": "Stopped",
                "pipelines": [],
                "type": "ScheduleTrigger",
                "typeProperties": {
                    "recurrence": {
                        "frequency": "Week",
                        "interval": 1,
                        "startTime": "2023-10-31T11:00:00",
                        "timeZone": "Eastern Standard Time",
                        "schedule": {
                            "minutes": [
                                0
                            ],
                            "hours": [
                                3
                            ],
                            "weekDays": [
                                "Tuesday"
                            ]
                        }
                    }
                }
            },
            "dependsOn": []
        },
        {
            "name": "[concat(parameters('factoryName'), '/TRG_MX_POP_CURATION_DELTA_EVERY_TWO_HOUR')]",
            "type": "Microsoft.DataFactory/factories/triggers",
            "apiVersion": "2018-06-01",
            "properties": {
                "annotations": [],
                "runtimeState": "Stopped",
                "type": "TumblingWindowTrigger",
                "typeProperties": {
                    "frequency": "Hour",
                    "interval": 2,
                    "startTime": "2023-11-22T00:00:00Z",
                    "delay": "00:00:00",
                    "maxConcurrency": 50,
                    "retryPolicy": {
                        "count": 2,
                        "intervalInSeconds": 30
                    },
                    "dependsOn": []
                }
            },
            "dependsOn": []
        },
        {
            "name": "[concat(parameters('factoryName'), '/TRG_MX_POP_CURATION_DELTA_EVERY_ONE_HOUR')]",
            "type": "Microsoft.DataFactory/factories/triggers",
            "apiVersion": "2018-06-01",
            "properties": {
                "annotations": [],
                "runtimeState": "Stopped",
                "pipelines": [],
                "type": "ScheduleTrigger",
                "typeProperties": {
                    "recurrence": {
                        "frequency": "Minute",
                        "interval": 1,
                        "startTime": "2023-12-12T17:47:00",
                        "timeZone": "Eastern Standard Time"
                    }
                }
            },
            "dependsOn": []
        },
        {
            "name": "[concat(parameters('factoryName'), '/TRG_MX_POP_PIM_TIEM_SODA_HEALTH_RETRY')]",
            "type": "Microsoft.DataFactory/factories/triggers",
            "apiVersion": "2018-06-01",
            "properties": {
                "annotations": [],
                "runtimeState": "Stopped",
                "type": "TumblingWindowTrigger",
                "typeProperties": {
                    "frequency": "Minute",
                    "interval": 15,
                    "startTime": "2024-01-22T19:10:00Z",
                    "delay": "00:00:00",
                    "maxConcurrency": 50,
                    "retryPolicy": {
                        "intervalInSeconds": 30
                    },
                    "dependsOn": []
                }
            },
            "dependsOn": []
        },
        {
            "name": "[concat(parameters('factoryName'), '/TRG_MX_POP_SODA_HEALTH')]",
            "type": "Microsoft.DataFactory/factories/triggers",
            "apiVersion": "2018-06-01",
            "properties": {
                "annotations": [],
                "runtimeState": "Stopped",
                "pipelines": [],
                "type": "ScheduleTrigger",
                "typeProperties": {
                    "recurrence": {
                        "frequency": "Week",
                        "interval": 2,
                        "startTime": "2024-01-31T14:55:00",
                        "timeZone": "Eastern Standard Time",
                        "schedule": {
                            "minutes": [
                                0
                            ],
                            "hours": [
                                2
                            ],
                            "weekDays": [
                                "Tuesday"
                            ]
                        }
                    }
                }
            },
            "dependsOn": []
        },
        {
            "name": "[concat(parameters('factoryName'), '/PL_LOGIC_APP_EMAIL')]",
            "type": "Microsoft.DataFactory/factories/pipelines",
            "apiVersion": "2018-06-01",
            "properties": {
                "activities": [
                    {
                        "name": "EMAIL_GENERIC",
                        "type": "WebActivity",
                        "dependsOn": [],
                        "policy": {
                            "timeout": "0.12:00:00",
                            "retry": 0,
                            "retryIntervalInSeconds": 30,
                            "secureOutput": false,
                            "secureInput": false
                        },
                        "userProperties": [],
                        "typeProperties": {
                            "method": "POST",
                            "headers": {},
                            "url": "https://prod-06.eastus2.logic.azure.com:443/workflows/aa2c9ef47fe94bb49e2e5d009c250366/triggers/manual/paths/invoke?api-version=2016-10-01&sp=%2Ftriggers%2Fmanual%2Frun&sv=1.0&sig=_6Q24w2PyMtjlYyEtNs-8fN2G-6wsbaTnYJ53Gf3O6Q",
                            "body": {
                                "value": "{\n  \"Data_Factory_Name\": \"@{pipeline().parameters.DATAFACTORY_NAME}\",\n  \"Status\": \"@{pipeline().parameters.STATUS}\",\n  \"Pipeline\": \"@{pipeline().parameters.PIPELINE_NAME}\",\n  \"Run_ID\": \"@{pipeline().parameters.RUN_ID}\",\n  \"Receiver\":\"@{pipeline().parameters.RECEIVER}\",\n  \"Error\": \"@{pipeline().parameters.ERROR}\",\n}",
                                "type": "Expression"
                            }
                        }
                    }
                ],
                "policy": {
                    "elapsedTimeMetric": {}
                },
                "parameters": {
                    "DATAFACTORY_NAME": {
                        "type": "string"
                    },
                    "PIPELINE_NAME": {
                        "type": "string"
                    },
                    "RUN_ID": {
                        "type": "string"
                    },
                    "STATUS": {
                        "type": "string"
                    },
                    "RECEIVER": {
                        "type": "string",
                        "defaultValue": "venkateswara.reddy@kroger.com,ann.jose@kroger.com,sherin.mathew@kroger.com,harsh.patel@kroger.com"
                    },
                    "ERROR": {
                        "type": "string"
                    }
                },
                "folder": {
                    "name": "EXTRACTS"
                },
                "annotations": [],
                "lastPublishTime": "2024-04-03T11:42:58Z"
            },
            "dependsOn": []
        },
        {
            "name": "[concat(parameters('factoryName'), '/PL_MX_DBX_EMAIL_LONG_RUN_JOBS')]",
            "type": "Microsoft.DataFactory/factories/pipelines",
            "apiVersion": "2018-06-01",
            "properties": {
                "activities": [
                    {
                        "name": "AT_FOREACH_Loop_Jobs",
                        "type": "ForEach",
                        "dependsOn": [],
                        "userProperties": [],
                        "typeProperties": {
                            "items": {
                                "value": "@pipeline().parameters.p_json_array",
                                "type": "Expression"
                            },
                            "isSequential": true,
                            "activities": [
                                {
                                    "name": "AT_SET_VAR_Item",
                                    "type": "SetVariable",
                                    "dependsOn": [],
                                    "policy": {
                                        "secureOutput": false,
                                        "secureInput": false
                                    },
                                    "userProperties": [],
                                    "typeProperties": {
                                        "variableName": "check",
                                        "value": {
                                            "value": "@item()\n",
                                            "type": "Expression"
                                        }
                                    }
                                },
                                {
                                    "name": "AT_SET_VAR_Logice_App_Data",
                                    "type": "SetVariable",
                                    "dependsOn": [
                                        {
                                            "activity": "AT_SET_VAR_Item",
                                            "dependencyConditions": [
                                                "Succeeded"
                                            ]
                                        }
                                    ],
                                    "policy": {
                                        "secureOutput": false,
                                        "secureInput": false
                                    },
                                    "userProperties": [],
                                    "typeProperties": {
                                        "variableName": "json_logicapp",
                                        "value": {
                                            "value": "\n@{concat(\n'{\"creator_user_name\":\"', \nreplace(string(json(variables('check')).creator_user_name),'\\',''), \n'\", \"run_id\":\"',\nreplace(string(json(variables('check')).run_id),'\\',''), \n'\", \"execution_duration\":\"',\nreplace(string(json(variables('check')).execution_duration),'\\',''), \n'\", \"run_page_url\":\"',\nreplace(string(json(variables('check')).run_page_url),'\\',''), \n'\", \"job_id\":\"',\nreplace(string(json(variables('check')).job_id),'\\',''), \n'\", \"run_name\":\"',\nreplace(string(json(variables('check')).run_name),'\\',''), \n'\", \"notebook_path\":\"',\nreplace(string(json(variables('check')).notebook_task_notebook_path),'\\',''), \n'\"}'\n)}",
                                            "type": "Expression"
                                        }
                                    }
                                },
                                {
                                    "name": "AT_WEB_Logic_App_Email",
                                    "type": "WebActivity",
                                    "dependsOn": [
                                        {
                                            "activity": "AT_SET_VAR_Logice_App_Data",
                                            "dependencyConditions": [
                                                "Succeeded"
                                            ]
                                        }
                                    ],
                                    "policy": {
                                        "timeout": "0.12:00:00",
                                        "retry": 0,
                                        "retryIntervalInSeconds": 30,
                                        "secureOutput": false,
                                        "secureInput": false
                                    },
                                    "userProperties": [],
                                    "typeProperties": {
                                        "method": "POST",
                                        "headers": {},
                                        "url": "https://prod-42.eastus2.logic.azure.com:443/workflows/898c91e53bdf4b83a9cd09baae280d35/triggers/manual/paths/invoke?api-version=2016-10-01&sp=%2Ftriggers%2Fmanual%2Frun&sv=1.0&sig=4wk7ehfH0U8C3OU7R9ThHP-wVq_OxTEIudTPhuUofns",
                                        "body": {
                                            "value": "@variables('json_logicapp')",
                                            "type": "Expression"
                                        }
                                    }
                                }
                            ]
                        }
                    }
                ],
                "policy": {
                    "elapsedTimeMetric": {}
                },
                "parameters": {
                    "p_json_array": {
                        "type": "array"
                    }
                },
                "variables": {
                    "check": {
                        "type": "String"
                    },
                    "json_logicapp": {
                        "type": "String"
                    }
                },
                "annotations": [],
                "lastPublishTime": "2024-04-03T11:42:58Z"
            },
            "dependsOn": []
        },
        {
            "name": "[concat(parameters('factoryName'), '/PL_TEAMS_ALERT')]",
            "type": "Microsoft.DataFactory/factories/pipelines",
            "apiVersion": "2018-06-01",
            "properties": {
                "activities": [
                    {
                        "name": "Web",
                        "type": "WebActivity",
                        "dependsOn": [
                            {
                                "activity": "Set variable",
                                "dependencyConditions": [
                                    "Succeeded"
                                ]
                            }
                        ],
                        "policy": {
                            "timeout": "0.12:00:00",
                            "retry": 0,
                            "retryIntervalInSeconds": 30,
                            "secureOutput": false,
                            "secureInput": false
                        },
                        "userProperties": [],
                        "typeProperties": {
                            "method": "POST",
                            "headers": {
                                "Content-Type": "application/json"
                            },
                            "url": {
                                "value": "@pipeline().parameters.Webhook_URL",
                                "type": "Expression"
                            },
                            "body": {
                                "value": "@json(variables('Message'))",
                                "type": "Expression"
                            }
                        }
                    },
                    {
                        "name": "Set variable",
                        "type": "SetVariable",
                        "dependsOn": [],
                        "policy": {
                            "secureOutput": false,
                            "secureInput": false
                        },
                        "userProperties": [],
                        "typeProperties": {
                            "variableName": "Message",
                            "value": {
                                "value": "{\n    \"@type\": \"messagecard\",\n    \"@context\": \"http://schema.org/extensions\",\n    \"themeColor\": \"D9534F\",\n    \"summary\": \"Pipeline status alert message\",\n    \"sections\": [\n        {\n            \"activityTitle\": \"PIPELINE EXECUTION ALERT\",\n            \"facts\": [\n                {\n                    \"name\": \"DataFactory Name:\",\n                    \"value\": \"@{pipeline().parameters.Datafactory_Name}\"\n                },\n                {\n                    \"name\": \"Pipeline Name:\",\n                    \"value\": \"@{pipeline().parameters.Pipeline_name}\"\n                },\n                {\n                    \"name\": \"Status:\",\n                    \"value\": \"@{pipeline().parameters.Status}\"\n                },\n                {\n                    \"name\": \"Error Name:\",\n                    \"value\": \"@{pipeline().parameters.Error_Mesage}\"\n                }\n            ]\n        }\n    ]\n}\n",
                                "type": "Expression"
                            }
                        }
                    }
                ],
                "policy": {
                    "elapsedTimeMetric": {}
                },
                "parameters": {
                    "Datafactory_Name": {
                        "type": "string"
                    },
                    "Pipeline_name": {
                        "type": "string"
                    },
                    "Status": {
                        "type": "string"
                    },
                    "Error_Mesage": {
                        "type": "string"
                    },
                    "Webhook_URL": {
                        "type": "string"
                    }
                },
                "variables": {
                    "Message": {
                        "type": "String"
                    }
                },
                "folder": {
                    "name": "GENERIC"
                },
                "annotations": [],
                "lastPublishTime": "2024-04-03T11:42:58Z"
            },
            "dependsOn": []
        },
        {
            "name": "[concat(parameters('factoryName'), '/PL_GENERIC_JOB_ID')]",
            "type": "Microsoft.DataFactory/factories/pipelines",
            "apiVersion": "2018-06-01",
            "properties": {
                "activities": [
                    {
                        "name": "Web_Get",
                        "type": "WebActivity",
                        "dependsOn": [],
                        "policy": {
                            "timeout": "0.12:00:00",
                            "retry": 0,
                            "retryIntervalInSeconds": 30,
                            "secureOutput": false,
                            "secureInput": false
                        },
                        "userProperties": [],
                        "typeProperties": {
                            "method": "GET",
                            "headers": {
                                "Authorization": {
                                    "value": "@concat('Bearer   ',pipeline().parameters.TOKEN)",
                                    "type": "Expression"
                                }
                            },
                            "url": {
                                "value": "@concat(pipeline().globalParameters.mx_core_data_dbxws,'/api/2.0/jobs/list')",
                                "type": "Expression"
                            },
                            "body": {
                                "job_id": 953840613752160
                            }
                        }
                    },
                    {
                        "name": "GET_WORKFLOW _ID",
                        "type": "Filter",
                        "dependsOn": [
                            {
                                "activity": "Web_Get",
                                "dependencyConditions": [
                                    "Succeeded"
                                ]
                            }
                        ],
                        "userProperties": [],
                        "typeProperties": {
                            "items": {
                                "value": "@activity('Web_Get').output['jobs']",
                                "type": "Expression"
                            },
                            "condition": {
                                "value": "@equals(item().settings.name,pipeline().parameters.DBX_WORKFLOW_NAME)",
                                "type": "Expression"
                            }
                        }
                    },
                    {
                        "name": "Set variable1",
                        "type": "SetVariable",
                        "dependsOn": [
                            {
                                "activity": "GET_WORKFLOW _ID",
                                "dependencyConditions": [
                                    "Succeeded"
                                ]
                            }
                        ],
                        "policy": {
                            "secureOutput": false,
                            "secureInput": false
                        },
                        "userProperties": [],
                        "typeProperties": {
                            "variableName": "pipelineReturnValue",
                            "value": [
                                {
                                    "key": "JOB_ID",
                                    "value": {
                                        "type": "Expression",
                                        "content": "@activity('GET_WORKFLOW _ID').output['Value'][0]['job_id']"
                                    }
                                }
                            ],
                            "setSystemVariable": true
                        }
                    }
                ],
                "policy": {
                    "elapsedTimeMetric": {}
                },
                "parameters": {
                    "DBX_WORKFLOW_NAME": {
                        "type": "string"
                    },
                    "TOKEN": {
                        "type": "string"
                    }
                },
                "variables": {
                    "JOB_ID": {
                        "type": "Integer"
                    },
                    "JOB_IDD": {
                        "type": "Integer"
                    }
                },
                "folder": {
                    "name": "GENERIC"
                },
                "annotations": [],
                "lastPublishTime": "2024-04-03T11:42:58Z"
            },
            "dependsOn": []
        },
        {
            "name": "[concat(parameters('factoryName'), '/PL_IR_CONCURRENT')]",
            "type": "Microsoft.DataFactory/factories/pipelines",
            "apiVersion": "2018-06-01",
            "properties": {
                "activities": [
                    {
                        "name": "Trigger IR Script Post",
                        "type": "WebActivity",
                        "dependsOn": [],
                        "policy": {
                            "timeout": "0.12:00:00",
                            "retry": 0,
                            "retryIntervalInSeconds": 30,
                            "secureOutput": false,
                            "secureInput": false
                        },
                        "userProperties": [],
                        "typeProperties": {
                            "method": "POST",
                            "headers": {
                                "Accept": "application/vnd.github.v3+json",
                                "Authorization": {
                                    "value": "@concat('Bearer  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 ')",
                                    "type": "Expression"
                                },
                                "User-Agent": {
                                    "value": "@pipeline().DataFactory",
                                    "type": "Expression"
                                }
                            },
                            "url": {
                                "value": "@string('https://api.github.com/repos/krogertechnology/mx-data-platform-IR-repo/actions/workflows/77571233/dispatches')",
                                "type": "Expression"
                            },
                            "body": {
                                "value": "{\n  \"ref\": \"main\",\n  \"inputs\": {\n    \"powershell_script_name\": \"@{pipeline().parameters.PS1_Script_Name}\",\n    \"env\":\"@{pipeline().globalParameters.environment}\"\n  }\n}",
                                "type": "Expression"
                            }
                        }
                    },
                    {
                        "name": "Trigger IR Script Get",
                        "type": "WebActivity",
                        "dependsOn": [
                            {
                                "activity": "Trigger IR Script Post",
                                "dependencyConditions": [
                                    "Succeeded"
                                ]
                            }
                        ],
                        "policy": {
                            "timeout": "0.12:00:00",
                            "retry": 0,
                            "retryIntervalInSeconds": 30,
                            "secureOutput": false,
                            "secureInput": false
                        },
                        "userProperties": [],
                        "typeProperties": {
                            "method": "GET",
                            "headers": {
                                "Accept": "application/vnd.github.v3+json",
                                "Authorization": {
                                    "value": "@concat('Bearer  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 ')",
                                    "type": "Expression"
                                },
                                "User-Agent": {
                                    "value": "@pipeline().DataFactory",
                                    "type": "Expression"
                                }
                            },
                            "url": {
                                "value": "@string('https://api.github.com/repos/krogertechnology/mx-data-platform-IR-repo/actions/workflows/77571233/runs')",
                                "type": "Expression"
                            }
                        }
                    },
                    {
                        "name": "GET_RUN_ID",
                        "type": "SetVariable",
                        "dependsOn": [
                            {
                                "activity": "Trigger IR Script Get",
                                "dependencyConditions": [
                                    "Succeeded"
                                ]
                            }
                        ],
                        "policy": {
                            "secureOutput": false,
                            "secureInput": false
                        },
                        "userProperties": [],
                        "typeProperties": {
                            "variableName": "pipelineReturnValue",
                            "value": [
                                {
                                    "key": "Run_ID",
                                    "value": {
                                        "type": "Expression",
                                        "content": "@activity('Trigger IR Script Get').output['workflow_runs'][0]['id']"
                                    }
                                },
                                {
                                    "key": "Status",
                                    "value": {
                                        "type": "Expression",
                                        "content": "@activity('Trigger IR Script Get').output['workflow_runs'][0]['status']"
                                    }
                                }
                            ],
                            "setSystemVariable": true
                        }
                    }
                ],
                "concurrency": 1,
                "policy": {
                    "elapsedTimeMetric": {}
                },
                "parameters": {
                    "PS1_Script_Name": {
                        "type": "string"
                    }
                },
                "folder": {
                    "name": "GENERIC"
                },
                "annotations": [],
                "lastPublishTime": "2024-04-03T11:42:58Z"
            },
            "dependsOn": []
        },
        {
            "name": "[concat(parameters('factoryName'), '/PL_IR_CONCURRENT_PARAMETERS')]",
            "type": "Microsoft.DataFactory/factories/pipelines",
            "apiVersion": "2018-06-01",
            "properties": {
                "activities": [
                    {
                        "name": "Trigger IR Script Post",
                        "type": "WebActivity",
                        "dependsOn": [],
                        "policy": {
                            "timeout": "0.12:00:00",
                            "retry": 0,
                            "retryIntervalInSeconds": 30,
                            "secureOutput": false,
                            "secureInput": false
                        },
                        "userProperties": [],
                        "typeProperties": {
                            "method": "POST",
                            "headers": {
                                "Accept": "application/vnd.github.v3+json",
                                "Authorization": {
                                    "value": "@concat('Bearer  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 ')",
                                    "type": "Expression"
                                },
                                "User-Agent": {
                                    "value": "@pipeline().DataFactory",
                                    "type": "Expression"
                                }
                            },
                            "url": {
                                "value": "@string('https://api.github.com/repos/krogertechnology/mx-data-platform-IR-repo/actions/workflows/88018411/dispatches')",
                                "type": "Expression"
                            },
                            "body": {
                                "value": "{\n  \"ref\": \"main\",\n  \"inputs\": {\n    \"env\":\"@{pipeline().globalParameters.environment}\",\n    \"jobName\": \"@{pipeline().parameters.jobName}\",\n    \"transferDesc\": \"@{pipeline().parameters.transferDesc}\",\n    \"deleteSrcFile\": \"@{pipeline().parameters.deleteSrcFile}\",\n    \"srcPath\": \"@{pipeline().parameters.srcPath}\",\n    \"srcFile\": \"@{pipeline().parameters.srcFile}\",\n    \"destAgent\": \"@{pipeline().parameters.destAgent}\",\n    \"destQMgr\": \"@{pipeline().parameters.destQMgr}\",\n    \"destPath\": \"@{pipeline().parameters.destPath}\",\n    \"destFile\": \"@{pipeline().parameters.destFile}\"\n  }\n}",
                                "type": "Expression"
                            }
                        }
                    },
                    {
                        "name": "Trigger IR Script Get",
                        "type": "WebActivity",
                        "dependsOn": [
                            {
                                "activity": "Trigger IR Script Post",
                                "dependencyConditions": [
                                    "Succeeded"
                                ]
                            }
                        ],
                        "policy": {
                            "timeout": "0.12:00:00",
                            "retry": 0,
                            "retryIntervalInSeconds": 30,
                            "secureOutput": false,
                            "secureInput": false
                        },
                        "userProperties": [],
                        "typeProperties": {
                            "method": "GET",
                            "headers": {
                                "Accept": "application/vnd.github.v3+json",
                                "Authorization": {
                                    "value": "@concat('Bearer  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 ')",
                                    "type": "Expression"
                                },
                                "User-Agent": {
                                    "value": "@pipeline().DataFactory",
                                    "type": "Expression"
                                }
                            },
                            "url": {
                                "value": "@string('https://api.github.com/repos/krogertechnology/mx-data-platform-IR-repo/actions/workflows/88018411/runs')",
                                "type": "Expression"
                            }
                        }
                    },
                    {
                        "name": "GET_RUN_ID",
                        "type": "SetVariable",
                        "dependsOn": [
                            {
                                "activity": "Trigger IR Script Get",
                                "dependencyConditions": [
                                    "Succeeded"
                                ]
                            }
                        ],
                        "policy": {
                            "secureOutput": false,
                            "secureInput": false
                        },
                        "userProperties": [],
                        "typeProperties": {
                            "variableName": "pipelineReturnValue",
                            "value": [
                                {
                                    "key": "Run_ID",
                                    "value": {
                                        "type": "Expression",
                                        "content": "@activity('Trigger IR Script Get').output['workflow_runs'][0]['id']"
                                    }
                                },
                                {
                                    "key": "Status",
                                    "value": {
                                        "type": "Expression",
                                        "content": "@activity('Trigger IR Script Get').output['workflow_runs'][0]['status']"
                                    }
                                }
                            ],
                            "setSystemVariable": true
                        }
                    }
                ],
                "concurrency": 1,
                "policy": {
                    "elapsedTimeMetric": {}
                },
                "parameters": {
                    "jobName": {
                        "type": "string",
                        "defaultValue": "MX_DATA_POC"
                    },
                    "transferDesc": {
                        "type": "string",
                        "defaultValue": "This_is_just_for_Testing"
                    },
                    "deleteSrcFile": {
                        "type": "string",
                        "defaultValue": "N"
                    },
                    "srcPath": {
                        "type": "string",
                        "defaultValue": "E:\\\\\\\\mx\\\\\\\\data\\\\\\\\outbound\\\\\\\\fintech"
                    },
                    "srcFile": {
                        "type": "string",
                        "defaultValue": "test.csv"
                    },
                    "destAgent": {
                        "type": "string",
                        "defaultValue": "FTACON02"
                    },
                    "destQMgr": {
                        "type": "string",
                        "defaultValue": "FTE.B2E.NONP"
                    },
                    "destPath": {
                        "type": "string",
                        "defaultValue": "E:\\\\\\\\wmqfte\\\\\\\\projects\\\\\\\\fintech\\\\\\\\data\\\\\\\\toFintech"
                    },
                    "destFile": {
                        "type": "string",
                        "defaultValue": "test.csv"
                    }
                },
                "folder": {
                    "name": "GENERIC"
                },
                "annotations": [],
                "lastPublishTime": "2024-04-03T11:42:58Z"
            },
            "dependsOn": []
        },
        {
            "name": "[concat(parameters('factoryName'), '/LOGIC_APP_PIPELINE_STATUS')]",
            "type": "Microsoft.DataFactory/factories/pipelines",
            "apiVersion": "2018-06-01",
            "properties": {
                "activities": [
                    {
                        "name": "EMAIL_GENERIC",
                        "type": "WebActivity",
                        "dependsOn": [],
                        "policy": {
                            "timeout": "0.12:00:00",
                            "retry": 0,
                            "retryIntervalInSeconds": 30,
                            "secureOutput": false,
                            "secureInput": false
                        },
                        "userProperties": [],
                        "typeProperties": {
                            "method": "POST",
                            "headers": {},
                            "url": "https://prod-37.eastus2.logic.azure.com:443/workflows/db486507112449778ac1aaefc1914f13/triggers/manual/paths/invoke?api-version=2016-10-01&sp=%2Ftriggers%2Fmanual%2Frun&sv=1.0&sig=tojNVVMxwfvLioJ7m9jBKEnBp3cd7ACQFE1LECi92Gs",
                            "body": {
                                "value": "{\n  \"Data_Factory_Name\": \"@{pipeline().DataFactory}\",\n  \"Status\": \"@{pipeline().parameters.STATUS}\",\n  \"Pipeline\": \"@{pipeline().parameters.PIPELINE_NAME}\",\n  \"Environment\": \"@{pipeline().globalParameters.environment}\",\n  \"Receiver\":\"@{pipeline().parameters.RECEIVER}\",\n  \"Subject\": \"@{pipeline().parameters.SUBJECT}\",\n  \"Execution_Time\": \"@{formatDateTime(utcnow(), 'yyyy-MM-dd-HH:mm:ss')}\"\n}",
                                "type": "Expression"
                            }
                        }
                    }
                ],
                "policy": {
                    "elapsedTimeMetric": {}
                },
                "parameters": {
                    "PIPELINE_NAME": {
                        "type": "string"
                    },
                    "STATUS": {
                        "type": "string"
                    },
                    "RECEIVER": {
                        "type": "string"
                    },
                    "SUBJECT": {
                        "type": "string"
                    }
                },
                "folder": {
                    "name": "GENERIC"
                },
                "annotations": [],
                "lastPublishTime": "2024-04-03T11:42:58Z"
            },
            "dependsOn": []
        }
    ]
}