{
    "$schema": "http://schema.management.azure.com/schemas/2015-01-01/deploymentTemplate.json#",
    "contentVersion": "1.0.0.0",
    "parameters": {
        "factoryName": {
            "type": "string",
            "metadata": "Data Factory name",
            "defaultValue": "mx-core-data-prod-dfws"
        },
        "Boost Trigger Missing 2x Fuel Points_properties_PL_BOOST_MISSING_2X_FUEL_POINTS_parameters_Start_Date": {
            "type": "string",
            "defaultValue": "Nil"
        },
        "Boost Trigger Missing 2x Fuel Points_properties_PL_BOOST_MISSING_2X_FUEL_POINTS_parameters_End_Date": {
            "type": "string",
            "defaultValue": "Nil"
        },
        "Boost Trigger Missing 2x Fuel Points_properties_PL_BOOST_MISSING_2X_FUEL_POINTS_parameters_Program_Id": {
            "type": "string",
            "defaultValue": "Nil"
        },
        "TRG_Send_Email_Groveland_properties_typeProperties_scope": {
            "type": "string",
            "defaultValue": "/subscriptions/7955bb86-14ca-4ca9-a6b9-978136873edd/resourceGroups/rg-mxi-deva61-eastus2/providers/Microsoft.Storage/storageAccounts/mxinsightsdevstrg"
        },
        "TR_PZN_Digital_Ads_Send_Email_Oklahoma_properties_typeProperties_scope": {
            "type": "string",
            "defaultValue": "/subscriptions/7955bb86-14ca-4ca9-a6b9-978136873edd/resourceGroups/rg-mxi-deva61-eastus2/providers/Microsoft.Storage/storageAccounts/mxinsightsdevstrg"
        }
    },
    "variables": {
        "factoryId": "[concat('Microsoft.DataFactory/factories/', parameters('factoryName'))]"
    },
    "resources": [
        {
            "name": "[concat(parameters('factoryName'), '/PL_NEILSON')]",
            "type": "Microsoft.DataFactory/factories/pipelines",
            "apiVersion": "2018-06-01",
            "properties": {
                "activities": [
                    {
                        "name": "ForEach1",
                        "type": "ForEach",
                        "dependsOn": [
                            {
                                "activity": "Get Metadata1",
                                "dependencyConditions": [
                                    "Succeeded"
                                ]
                            }
                        ],
                        "userProperties": [],
                        "typeProperties": {
                            "items": {
                                "value": "@activity('Get Metadata1').output.childItems",
                                "type": "Expression"
                            },
                            "isSequential": true,
                            "activities": [
                                {
                                    "name": "Copy data1",
                                    "type": "Copy",
                                    "dependsOn": [],
                                    "policy": {
                                        "timeout": "0.12:00:00",
                                        "retry": 0,
                                        "retryIntervalInSeconds": 30,
                                        "secureOutput": false,
                                        "secureInput": false
                                    },
                                    "userProperties": [],
                                    "typeProperties": {
                                        "source": {
                                            "type": "BinarySource",
                                            "storeSettings": {
                                                "type": "AzureBlobFSReadSettings",
                                                "recursive": true,
                                                "modifiedDatetimeStart": "2023-03-31T00:00:00Z",
                                                "wildcardFileName": {
                                                    "value": "@item().name",
                                                    "type": "Expression"
                                                },
                                                "deleteFilesAfterCompletion": false
                                            },
                                            "formatSettings": {
                                                "type": "BinaryReadSettings"
                                            }
                                        },
                                        "sink": {
                                            "type": "BinarySink",
                                            "storeSettings": {
                                                "type": "FileServerWriteSettings"
                                            }
                                        },
                                        "enableStaging": false
                                    },
                                    "inputs": [
                                        {
                                            "referenceName": "FINTECH_BINARY_PARQ",
                                            "type": "DatasetReference",
                                            "parameters": {
                                                "Container_name": {
                                                    "value": "@pipeline().globalParameters.mx_core_pid_container",
                                                    "type": "Expression"
                                                }
                                            }
                                        }
                                    ],
                                    "outputs": [
                                        {
                                            "referenceName": "FINTECH_BINARY_PARQ_IR",
                                            "type": "DatasetReference",
                                            "parameters": {}
                                        }
                                    ]
                                },
                                {
                                    "name": "EXECUTE_EMAIL_UNIFIED_copy2",
                                    "type": "ExecutePipeline",
                                    "dependsOn": [
                                        {
                                            "activity": "Copy data1",
                                            "dependencyConditions": [
                                                "Failed"
                                            ]
                                        }
                                    ],
                                    "policy": {
                                        "secureInput": false
                                    },
                                    "userProperties": [],
                                    "typeProperties": {
                                        "pipeline": {
                                            "referenceName": "LOGIC_APP_EMAIL",
                                            "type": "PipelineReference"
                                        },
                                        "waitOnCompletion": true,
                                        "parameters": {
                                            "DATAFACTORY_NAME": {
                                                "value": "@pipeline().DataFactory",
                                                "type": "Expression"
                                            },
                                            "PIPELINE_NAME": {
                                                "value": "@pipeline().Pipeline",
                                                "type": "Expression"
                                            },
                                            "RUN_ID": {
                                                "value": "@pipeline().RunId",
                                                "type": "Expression"
                                            },
                                            "ERROR": {
                                                "value": "@coalesce(activity('Copy data1')?.Error?.Message,'Unidentified Error,please go to datafactory for more details.')",
                                                "type": "Expression"
                                            }
                                        }
                                    }
                                },
                                {
                                    "name": "EXECUTE_LOGS_UNIFIED_copy2",
                                    "type": "ExecutePipeline",
                                    "dependsOn": [
                                        {
                                            "activity": "EXECUTE_EMAIL_UNIFIED_copy2",
                                            "dependencyConditions": [
                                                "Succeeded"
                                            ]
                                        }
                                    ],
                                    "policy": {
                                        "secureInput": false
                                    },
                                    "userProperties": [],
                                    "typeProperties": {
                                        "pipeline": {
                                            "referenceName": "LOGS_GENERIC",
                                            "type": "PipelineReference"
                                        },
                                        "waitOnCompletion": true,
                                        "parameters": {
                                            "DATAFACTORY_NAME": {
                                                "value": "@pipeline().DataFactory",
                                                "type": "Expression"
                                            },
                                            "PIPELINE_NAME": {
                                                "value": "@pipeline().Pipeline",
                                                "type": "Expression"
                                            },
                                            "RUN_ID": {
                                                "value": "@pipeline().RunId",
                                                "type": "Expression"
                                            },
                                            "ERROR": {
                                                "value": "@coalesce(activity('Copy data1')?.Error?.Message,'Unidentified Error,please go to datafactory for more details.')",
                                                "type": "Expression"
                                            }
                                        }
                                    }
                                }
                            ]
                        }
                    },
                    {
                        "name": "Get Metadata1",
                        "type": "GetMetadata",
                        "dependsOn": [
                            {
                                "activity": "Notebook1",
                                "dependencyConditions": [
                                    "Succeeded"
                                ]
                            }
                        ],
                        "policy": {
                            "timeout": "0.12:00:00",
                            "retry": 0,
                            "retryIntervalInSeconds": 30,
                            "secureOutput": false,
                            "secureInput": false
                        },
                        "userProperties": [],
                        "typeProperties": {
                            "dataset": {
                                "referenceName": "FINTECH_BINARY_PARQ",
                                "type": "DatasetReference",
                                "parameters": {
                                    "Container_name": {
                                        "value": "@pipeline().globalParameters.mx_core_pid_container",
                                        "type": "Expression"
                                    }
                                }
                            },
                            "fieldList": [
                                "childItems"
                            ],
                            "storeSettings": {
                                "type": "AzureBlobFSReadSettings",
                                "recursive": true,
                                "enablePartitionDiscovery": false
                            },
                            "formatSettings": {
                                "type": "BinaryReadSettings"
                            }
                        }
                    },
                    {
                        "name": "Notebook1",
                        "type": "DatabricksNotebook",
                        "dependsOn": [],
                        "policy": {
                            "timeout": "0.12:00:00",
                            "retry": 0,
                            "retryIntervalInSeconds": 30,
                            "secureOutput": false,
                            "secureInput": false
                        },
                        "userProperties": [],
                        "typeProperties": {
                            "notebookPath": "/Users/adarsh.singh@kroger.com/pid_transformations_new"
                        },
                        "linkedServiceName": {
                            "referenceName": "mx-core-data-prod-dbx-ls",
                            "type": "LinkedServiceReference"
                        }
                    },
                    {
                        "name": "EXECUTE_EMAIL_UNIFIED_copy1",
                        "type": "ExecutePipeline",
                        "dependsOn": [
                            {
                                "activity": "Notebook1",
                                "dependencyConditions": [
                                    "Failed"
                                ]
                            }
                        ],
                        "policy": {
                            "secureInput": false
                        },
                        "userProperties": [],
                        "typeProperties": {
                            "pipeline": {
                                "referenceName": "LOGIC_APP_EMAIL",
                                "type": "PipelineReference"
                            },
                            "waitOnCompletion": true,
                            "parameters": {
                                "DATAFACTORY_NAME": {
                                    "value": "@pipeline().DataFactory",
                                    "type": "Expression"
                                },
                                "PIPELINE_NAME": {
                                    "value": "@pipeline().Pipeline",
                                    "type": "Expression"
                                },
                                "RUN_ID": {
                                    "value": "@pipeline().RunId",
                                    "type": "Expression"
                                },
                                "STATUS": {
                                    "value": "@string('Failed')",
                                    "type": "Expression"
                                },
                                "RECEIVER": {
                                    "value": "@string('adarsh.singh@kroger.com')",
                                    "type": "Expression"
                                },
                                "ERROR": {
                                    "value": "@coalesce(activity('Notebook1')?.output?.runError,'Unidentified Error,please go to datafactory for more details.')",
                                    "type": "Expression"
                                }
                            }
                        }
                    },
                    {
                        "name": "EXECUTE_LOGS_UNIFIED_copy1",
                        "type": "ExecutePipeline",
                        "dependsOn": [
                            {
                                "activity": "Notebook1",
                                "dependencyConditions": [
                                    "Failed"
                                ]
                            }
                        ],
                        "policy": {
                            "secureInput": false
                        },
                        "userProperties": [],
                        "typeProperties": {
                            "pipeline": {
                                "referenceName": "LOGS_GENERIC",
                                "type": "PipelineReference"
                            },
                            "waitOnCompletion": true,
                            "parameters": {
                                "DATAFACTORY_NAME": {
                                    "value": "@pipeline().DataFactory",
                                    "type": "Expression"
                                },
                                "PIPELINE_NAME": {
                                    "value": "@pipeline().Pipeline",
                                    "type": "Expression"
                                },
                                "RUN_ID": {
                                    "value": "@pipeline().RunId",
                                    "type": "Expression"
                                },
                                "ERROR": {
                                    "value": "@coalesce(activity('Notebook1')?.output?.runError,'Unidentified Error,please go to datafactory for more details.')",
                                    "type": "Expression"
                                }
                            }
                        }
                    },
                    {
                        "name": "EXECUTE_LOGS_SUCCESS",
                        "type": "ExecutePipeline",
                        "dependsOn": [
                            {
                                "activity": "ForEach1",
                                "dependencyConditions": [
                                    "Succeeded"
                                ]
                            }
                        ],
                        "policy": {
                            "secureInput": false
                        },
                        "userProperties": [],
                        "typeProperties": {
                            "pipeline": {
                                "referenceName": "LOGS_GENERIC_SUCCESS",
                                "type": "PipelineReference"
                            },
                            "waitOnCompletion": true,
                            "parameters": {
                                "DATAFACTORY_NAME": {
                                    "value": "@pipeline().DataFactory",
                                    "type": "Expression"
                                },
                                "PIPELINE_NAME": {
                                    "value": "@pipeline().Pipeline",
                                    "type": "Expression"
                                },
                                "RUN_ID": {
                                    "value": "@pipeline().RunId",
                                    "type": "Expression"
                                },
                                "STATUS": {
                                    "value": "@concat('SUCCESS AT ',formatDateTime(utcnow()))",
                                    "type": "Expression"
                                }
                            }
                        }
                    }
                ],
                "policy": {
                    "elapsedTimeMetric": {}
                },
                "folder": {
                    "name": "PID"
                },
                "annotations": [],
                "lastPublishTime": "2023-10-12T04:38:05Z"
            },
            "dependsOn": []
        },
        {
            "name": "[concat(parameters('factoryName'), '/PL_HT_NEW_ENROLLMENT')]",
            "type": "Microsoft.DataFactory/factories/pipelines",
            "apiVersion": "2018-06-01",
            "properties": {
                "activities": [
                    {
                        "name": "Notebook1",
                        "type": "DatabricksNotebook",
                        "dependsOn": [],
                        "policy": {
                            "timeout": "0.12:00:00",
                            "retry": 0,
                            "retryIntervalInSeconds": 30,
                            "secureOutput": false,
                            "secureInput": false
                        },
                        "userProperties": [],
                        "typeProperties": {
                            "notebookPath": "/Repos/adarsh.singh@kroger.com/Merchandising_Data_Platform_Development/notebook/HarrisTeeter_New_Enrollment"
                        },
                        "linkedServiceName": {
                            "referenceName": "adb_Job_cluster_ls",
                            "type": "LinkedServiceReference"
                        }
                    },
                    {
                        "name": "Copy data1",
                        "type": "Copy",
                        "dependsOn": [
                            {
                                "activity": "Lookup1",
                                "dependencyConditions": [
                                    "Succeeded"
                                ]
                            }
                        ],
                        "policy": {
                            "timeout": "0.12:00:00",
                            "retry": 0,
                            "retryIntervalInSeconds": 30,
                            "secureOutput": false,
                            "secureInput": false
                        },
                        "userProperties": [],
                        "typeProperties": {
                            "source": {
                                "type": "DelimitedTextSource",
                                "storeSettings": {
                                    "type": "AzureBlobFSReadSettings",
                                    "recursive": true,
                                    "enablePartitionDiscovery": false
                                },
                                "formatSettings": {
                                    "type": "DelimitedTextReadSettings"
                                }
                            },
                            "sink": {
                                "type": "DelimitedTextSink",
                                "storeSettings": {
                                    "type": "FileServerWriteSettings"
                                },
                                "formatSettings": {
                                    "type": "DelimitedTextWriteSettings",
                                    "quoteAllText": true,
                                    "fileExtension": ".txt"
                                }
                            },
                            "enableStaging": false,
                            "translator": {
                                "type": "TabularTranslator",
                                "typeConversion": true,
                                "typeConversionSettings": {
                                    "allowDataTruncation": true,
                                    "treatBooleanAsNumber": false
                                }
                            }
                        },
                        "inputs": [
                            {
                                "referenceName": "DS_HT_NEW_ENROLLMENT_SRC",
                                "type": "DatasetReference",
                                "parameters": {
                                    "Container_Name": {
                                        "value": "@pipeline().globalParameters.mx_core_data_container",
                                        "type": "Expression"
                                    },
                                    "Directory_Name": {
                                        "value": "@string('HarrisTeeter/NewEnrollment/Data')",
                                        "type": "Expression"
                                    },
                                    "File_Name": {
                                        "value": "@concat('HT_NEW_ENROLLMENT_',formatDateTime(utcnow(), 'MMddyyyy'),'.csv')",
                                        "type": "Expression"
                                    }
                                }
                            }
                        ],
                        "outputs": [
                            {
                                "referenceName": "DS_HT_NEW_ENROLL_IR",
                                "type": "DatasetReference",
                                "parameters": {
                                    "Filename": {
                                        "value": "@concat('HT_NEW_ENROLLMENT_',formatDateTime(utcnow(), 'MMddyyyy'),'.csv')",
                                        "type": "Expression"
                                    }
                                }
                            }
                        ]
                    },
                    {
                        "name": "Lookup1",
                        "type": "Lookup",
                        "dependsOn": [
                            {
                                "activity": "Notebook1",
                                "dependencyConditions": [
                                    "Succeeded"
                                ]
                            }
                        ],
                        "policy": {
                            "timeout": "0.12:00:00",
                            "retry": 0,
                            "retryIntervalInSeconds": 30,
                            "secureOutput": false,
                            "secureInput": false
                        },
                        "userProperties": [],
                        "typeProperties": {
                            "source": {
                                "type": "DelimitedTextSource",
                                "storeSettings": {
                                    "type": "AzureBlobFSReadSettings",
                                    "recursive": true,
                                    "enablePartitionDiscovery": false
                                },
                                "formatSettings": {
                                    "type": "DelimitedTextReadSettings"
                                }
                            },
                            "dataset": {
                                "referenceName": "DS_HT_NEW_ENROLLMENT_SRC",
                                "type": "DatasetReference",
                                "parameters": {
                                    "Container_Name": {
                                        "value": "@pipeline().globalParameters.mx_core_data_container",
                                        "type": "Expression"
                                    },
                                    "Directory_Name": {
                                        "value": "@string('HarrisTeeter/NewEnrollment/Data')",
                                        "type": "Expression"
                                    },
                                    "File_Name": {
                                        "value": "@concat('HT_NEW_ENROLLMENT_',formatDateTime(utcnow(), 'MMddyyyy'),'.csv')",
                                        "type": "Expression"
                                    }
                                }
                            }
                        }
                    },
                    {
                        "name": "EXECUTE_EMAIL_UNIFIED",
                        "type": "ExecutePipeline",
                        "dependsOn": [
                            {
                                "activity": "Notebook1",
                                "dependencyConditions": [
                                    "Failed"
                                ]
                            }
                        ],
                        "policy": {
                            "secureInput": false
                        },
                        "userProperties": [],
                        "typeProperties": {
                            "pipeline": {
                                "referenceName": "LOGIC_APP_EMAIL",
                                "type": "PipelineReference"
                            },
                            "waitOnCompletion": true,
                            "parameters": {
                                "DATAFACTORY_NAME": {
                                    "value": "@pipeline().DataFactory",
                                    "type": "Expression"
                                },
                                "PIPELINE_NAME": {
                                    "value": "@pipeline().Pipeline",
                                    "type": "Expression"
                                },
                                "RUN_ID": {
                                    "value": "@pipeline().RunId",
                                    "type": "Expression"
                                },
                                "ERROR": {
                                    "value": "@coalesce(activity('Notebook1')?.output?.runError,'Unidentified Error, please go to datafactory for more details.')\n\n",
                                    "type": "Expression"
                                },
                                "STATUS": {
                                    "value": "@string('Failed')",
                                    "type": "Expression"
                                },
                                "RECEIVER": {
                                    "value": "@string('adarsh.singh@kroger.com;adarsh.singh11@infosys.com\n')",
                                    "type": "Expression"
                                }
                            }
                        }
                    },
                    {
                        "name": "EXECUTE_LOGS_UNIFIED",
                        "type": "ExecutePipeline",
                        "dependsOn": [
                            {
                                "activity": "EXECUTE_EMAIL_UNIFIED",
                                "dependencyConditions": [
                                    "Succeeded"
                                ]
                            }
                        ],
                        "policy": {
                            "secureInput": false
                        },
                        "userProperties": [],
                        "typeProperties": {
                            "pipeline": {
                                "referenceName": "LOGS_GENERIC",
                                "type": "PipelineReference"
                            },
                            "waitOnCompletion": true,
                            "parameters": {
                                "DATAFACTORY_NAME": {
                                    "value": "@pipeline().DataFactory",
                                    "type": "Expression"
                                },
                                "PIPELINE_NAME": {
                                    "value": "@pipeline().Pipeline",
                                    "type": "Expression"
                                },
                                "RUN_ID": {
                                    "value": "@pipeline().RunId",
                                    "type": "Expression"
                                },
                                "ERROR": {
                                    "value": "@coalesce(activity('Notebook1')?.output?.runError,'Unidentified Error, please go to datafactory for more details.')\n\n",
                                    "type": "Expression"
                                }
                            }
                        }
                    },
                    {
                        "name": "EXECUTE_EMAIL_UNIFIED_copy1",
                        "type": "ExecutePipeline",
                        "dependsOn": [
                            {
                                "activity": "Lookup1",
                                "dependencyConditions": [
                                    "Failed"
                                ]
                            }
                        ],
                        "policy": {
                            "secureInput": false
                        },
                        "userProperties": [],
                        "typeProperties": {
                            "pipeline": {
                                "referenceName": "LOGIC_APP_EMAIL",
                                "type": "PipelineReference"
                            },
                            "waitOnCompletion": true,
                            "parameters": {
                                "DATAFACTORY_NAME": {
                                    "value": "@pipeline().DataFactory",
                                    "type": "Expression"
                                },
                                "PIPELINE_NAME": {
                                    "value": "@pipeline().Pipeline",
                                    "type": "Expression"
                                },
                                "RUN_ID": {
                                    "value": "@pipeline().RunId",
                                    "type": "Expression"
                                },
                                "ERROR": {
                                    "value": "@coalesce('New File is not Created For : ','HT_NEW_ENROLLMENT_',formatDateTime(utcnow(), 'MMddyyyy'),'.csv')\n\n",
                                    "type": "Expression"
                                },
                                "STATUS": {
                                    "value": "@string('Failed')",
                                    "type": "Expression"
                                },
                                "RECEIVER": {
                                    "value": "@string('adarsh.singh@kroger.com;adarsh.singh11@infosys.com\n')",
                                    "type": "Expression"
                                }
                            }
                        }
                    },
                    {
                        "name": "EXECUTE_EMAIL_UNIFIED_copy2",
                        "type": "ExecutePipeline",
                        "dependsOn": [
                            {
                                "activity": "Copy data1",
                                "dependencyConditions": [
                                    "Failed"
                                ]
                            }
                        ],
                        "policy": {
                            "secureInput": false
                        },
                        "userProperties": [],
                        "typeProperties": {
                            "pipeline": {
                                "referenceName": "LOGIC_APP_EMAIL",
                                "type": "PipelineReference"
                            },
                            "waitOnCompletion": true,
                            "parameters": {
                                "DATAFACTORY_NAME": {
                                    "value": "@pipeline().DataFactory",
                                    "type": "Expression"
                                },
                                "PIPELINE_NAME": {
                                    "value": "@pipeline().Pipeline",
                                    "type": "Expression"
                                },
                                "RUN_ID": {
                                    "value": "@pipeline().RunId",
                                    "type": "Expression"
                                },
                                "ERROR": {
                                    "value": "@coalesce(activity('Copy data1')?.Error?.Message, 'Copy Activity Failed, please go to datafactory for more details.')\n\n",
                                    "type": "Expression"
                                },
                                "STATUS": {
                                    "value": "@string('Failed')",
                                    "type": "Expression"
                                },
                                "RECEIVER": {
                                    "value": "@string('adarsh.singh@kroger.com;adarsh.singh11@infosys.com\n')",
                                    "type": "Expression"
                                }
                            }
                        }
                    },
                    {
                        "name": "EXECUTE_LOGS_UNIFIED_copy1",
                        "type": "ExecutePipeline",
                        "dependsOn": [
                            {
                                "activity": "EXECUTE_EMAIL_UNIFIED_copy2",
                                "dependencyConditions": [
                                    "Succeeded"
                                ]
                            }
                        ],
                        "policy": {
                            "secureInput": false
                        },
                        "userProperties": [],
                        "typeProperties": {
                            "pipeline": {
                                "referenceName": "LOGS_GENERIC",
                                "type": "PipelineReference"
                            },
                            "waitOnCompletion": true,
                            "parameters": {
                                "DATAFACTORY_NAME": {
                                    "value": "@pipeline().DataFactory",
                                    "type": "Expression"
                                },
                                "PIPELINE_NAME": {
                                    "value": "@pipeline().Pipeline",
                                    "type": "Expression"
                                },
                                "RUN_ID": {
                                    "value": "@pipeline().RunId",
                                    "type": "Expression"
                                },
                                "ERROR": {
                                    "value": "@coalesce(activity('Copy data1')?.Error?.Message, 'Unidentified Error, please go to datafactory for more details.')\n\n",
                                    "type": "Expression"
                                }
                            }
                        }
                    },
                    {
                        "name": "Execute IR Script",
                        "type": "ExecutePipeline",
                        "dependsOn": [
                            {
                                "activity": "Copy data1",
                                "dependencyConditions": [
                                    "Succeeded"
                                ]
                            }
                        ],
                        "policy": {
                            "secureInput": false
                        },
                        "userProperties": [],
                        "typeProperties": {
                            "pipeline": {
                                "referenceName": "PL_GENERIC_IR_SCRIPT_TRG",
                                "type": "PipelineReference"
                            },
                            "waitOnCompletion": true,
                            "parameters": {
                                "PS1_Script_Name": "transfer_ht_new_enrollment.ps1"
                            }
                        }
                    },
                    {
                        "name": "Final Alert",
                        "type": "ExecutePipeline",
                        "dependsOn": [
                            {
                                "activity": "Execute IR Script",
                                "dependencyConditions": [
                                    "Failed"
                                ]
                            }
                        ],
                        "policy": {
                            "secureInput": false
                        },
                        "userProperties": [],
                        "typeProperties": {
                            "pipeline": {
                                "referenceName": "LOGIC_APP_EMAIL",
                                "type": "PipelineReference"
                            },
                            "waitOnCompletion": true,
                            "parameters": {
                                "DATAFACTORY_NAME": {
                                    "value": "@pipeline().DataFactory",
                                    "type": "Expression"
                                },
                                "PIPELINE_NAME": {
                                    "value": "@pipeline().Pipeline",
                                    "type": "Expression"
                                },
                                "RUN_ID": {
                                    "value": "@pipeline().RunId",
                                    "type": "Expression"
                                },
                                "ERROR": {
                                    "value": "@coalesce('MQFTE Script Failed, please go to datafactory for more details.')\n\n",
                                    "type": "Expression"
                                },
                                "STATUS": {
                                    "value": "@string('Failed')",
                                    "type": "Expression"
                                },
                                "RECEIVER": {
                                    "value": "@string('adarsh.singh@kroger.com;adarsh.singh11@infosys.com\n')",
                                    "type": "Expression"
                                }
                            }
                        }
                    }
                ],
                "policy": {
                    "elapsedTimeMetric": {}
                },
                "folder": {
                    "name": "EXTRACTS"
                },
                "annotations": [],
                "lastPublishTime": "2024-04-03T11:43:21Z"
            },
            "dependsOn": []
        },
        {
            "name": "[concat(parameters('factoryName'), '/PL_MX_POP_PIM_ITEM_CURATION_DELTA_MASTER')]",
            "type": "Microsoft.DataFactory/factories/pipelines",
            "apiVersion": "2018-06-01",
            "properties": {
                "description": "POP run curation table update every two hours",
                "activities": [
                    {
                        "name": "AT_Execute_CURATION_DELTA_LOAD",
                        "type": "ExecutePipeline",
                        "dependsOn": [],
                        "policy": {
                            "secureInput": false
                        },
                        "userProperties": [],
                        "typeProperties": {
                            "pipeline": {
                                "referenceName": "PL_MX_POP_PIM_ITEM_CURATION_DELTA_LOAD",
                                "type": "PipelineReference"
                            },
                            "waitOnCompletion": true,
                            "parameters": {}
                        }
                    },
                    {
                        "name": "AT_Execute_CURATION_DELTA_PUBLISH",
                        "type": "ExecutePipeline",
                        "dependsOn": [
                            {
                                "activity": "AT_Execute_CURATION_DELTA_LOAD",
                                "dependencyConditions": [
                                    "Succeeded"
                                ]
                            }
                        ],
                        "policy": {
                            "secureInput": false
                        },
                        "userProperties": [],
                        "typeProperties": {
                            "pipeline": {
                                "referenceName": "PL_MX_POP_PIM_ITEM_CURATION_DELTA_PUBLISH",
                                "type": "PipelineReference"
                            },
                            "waitOnCompletion": true,
                            "parameters": {}
                        }
                    },
                    {
                        "name": "EMAIL_ALERT",
                        "type": "ExecutePipeline",
                        "dependsOn": [
                            {
                                "activity": "AT_Execute_CURATION_DELTA_PUBLISH",
                                "dependencyConditions": [
                                    "Failed",
                                    "Skipped"
                                ]
                            },
                            {
                                "activity": "AT_Execute_CURATION_DELTA_LOAD",
                                "dependencyConditions": [
                                    "Failed",
                                    "Succeeded"
                                ]
                            }
                        ],
                        "policy": {
                            "secureInput": false
                        },
                        "userProperties": [],
                        "typeProperties": {
                            "pipeline": {
                                "referenceName": "LOGIC_APP_EMAIL",
                                "type": "PipelineReference"
                            },
                            "waitOnCompletion": true,
                            "parameters": {
                                "DATAFACTORY_NAME": {
                                    "value": "@pipeline().DataFactory",
                                    "type": "Expression"
                                },
                                "PIPELINE_NAME": {
                                    "value": "@pipeline().Pipeline",
                                    "type": "Expression"
                                },
                                "RUN_ID": {
                                    "value": "@pipeline().RunId",
                                    "type": "Expression"
                                },
                                "ERROR": {
                                    "value": "@if(equals(activity('AT_Execute_CURATION_DELTA_LOAD').status, 'Failed'), activity('AT_Execute_CURATION_DELTA_LOAD').error.message, if(equals(activity('AT_Execute_CURATION_DELTA_PUBLISH').status, 'Failed'), activity('AT_Execute_CURATION_DELTA_PUBLISH').error.message, 'Unidentified Error, please go to datafactory for more details.'))",
                                    "type": "Expression"
                                },
                                "STATUS": {
                                    "value": "@string('Failed')",
                                    "type": "Expression"
                                },
                                "RECEIVER": {
                                    "value": "@string('syed.amin@kroger.com;wanilton.filho@kroger.com;manohar.kotagiri@kroger.com;min.zhou@kroger.com;alekhya.anumalasetty@kroger.com;emilio.villarreal@kroger.com')",
                                    "type": "Expression"
                                }
                            }
                        }
                    }
                ],
                "policy": {
                    "elapsedTimeMetric": {}
                },
                "folder": {
                    "name": "MERCHANDISING/POP_team"
                },
                "annotations": [],
                "lastPublishTime": "2024-04-03T11:43:19Z"
            },
            "dependsOn": []
        },
        {
            "name": "[concat(parameters('factoryName'), '/PL_MX_FAMILY_TREE_DAILY_TO_DMP')]",
            "type": "Microsoft.DataFactory/factories/pipelines",
            "apiVersion": "2018-06-01",
            "properties": {
                "activities": [
                    {
                        "name": "Switch1",
                        "type": "Switch",
                        "dependsOn": [
                            {
                                "activity": "Lookup_Last_Load",
                                "dependencyConditions": [
                                    "Succeeded"
                                ]
                            }
                        ],
                        "userProperties": [],
                        "typeProperties": {
                            "on": {
                                "value": "@if(equals(coalesce(activity('Lookup_Last_Load').output.value[0][''], null), null), 'History_Load', 'Delta_Load')\n",
                                "type": "Expression"
                            },
                            "cases": [
                                {
                                    "value": "History_Load",
                                    "activities": [
                                        {
                                            "name": "Execute Pipeline1",
                                            "type": "ExecutePipeline",
                                            "dependsOn": [],
                                            "policy": {
                                                "secureInput": false
                                            },
                                            "userProperties": [],
                                            "typeProperties": {
                                                "pipeline": {
                                                    "referenceName": "PL_MX_HISTORY_LOAD_STAGE",
                                                    "type": "PipelineReference"
                                                },
                                                "waitOnCompletion": true,
                                                "parameters": {}
                                            }
                                        }
                                    ]
                                }
                            ],
                            "defaultActivities": [
                                {
                                    "name": "Delta_Date",
                                    "type": "SetVariable",
                                    "dependsOn": [],
                                    "policy": {
                                        "secureOutput": false,
                                        "secureInput": false
                                    },
                                    "userProperties": [],
                                    "typeProperties": {
                                        "variableName": "Delta_Date",
                                        "value": {
                                            "value": "@activity('Lookup_Last_Load').output.value[0]['']\n",
                                            "type": "Expression"
                                        }
                                    }
                                },
                                {
                                    "name": "AT_COPY_DELTA_FAMILY_TREE_SQL",
                                    "type": "Copy",
                                    "dependsOn": [
                                        {
                                            "activity": "Delta_Date",
                                            "dependencyConditions": [
                                                "Succeeded"
                                            ]
                                        }
                                    ],
                                    "policy": {
                                        "timeout": "0.12:00:00",
                                        "retry": 0,
                                        "retryIntervalInSeconds": 30,
                                        "secureOutput": false,
                                        "secureInput": false
                                    },
                                    "userProperties": [],
                                    "typeProperties": {
                                        "source": {
                                            "type": "OdbcSource",
                                            "query": {
                                                "value": "@concat('\nSELECT *\nFROM public.family_tree\nWHERE effective_ts > ''', variables('Delta_Date'), '''::timestamp\n')",
                                                "type": "Expression"
                                            },
                                            "queryTimeout": "02:00:00"
                                        },
                                        "sink": {
                                            "type": "ParquetSink",
                                            "storeSettings": {
                                                "type": "AzureBlobFSWriteSettings"
                                            },
                                            "formatSettings": {
                                                "type": "ParquetWriteSettings"
                                            }
                                        },
                                        "enableStaging": false,
                                        "dataIntegrationUnits": 32,
                                        "translator": {
                                            "type": "TabularTranslator",
                                            "typeConversion": true,
                                            "typeConversionSettings": {
                                                "allowDataTruncation": true,
                                                "treatBooleanAsNumber": false
                                            }
                                        }
                                    },
                                    "inputs": [
                                        {
                                            "referenceName": "DS_SWITCH_MODALITY_FAMILY_TREE",
                                            "type": "DatasetReference",
                                            "parameters": {}
                                        }
                                    ],
                                    "outputs": [
                                        {
                                            "referenceName": "DS_SWICHBOARD_MX_STAGE",
                                            "type": "DatasetReference",
                                            "parameters": {
                                                "Container_Name": {
                                                    "value": "@pipeline().globalParameters.mx_core_data_container",
                                                    "type": "Expression"
                                                }
                                            }
                                        }
                                    ]
                                }
                            ]
                        }
                    },
                    {
                        "name": "Lookup_Last_Load",
                        "type": "Lookup",
                        "dependsOn": [],
                        "policy": {
                            "timeout": "0.12:00:00",
                            "retry": 0,
                            "retryIntervalInSeconds": 30,
                            "secureOutput": false,
                            "secureInput": false
                        },
                        "userProperties": [],
                        "typeProperties": {
                            "source": {
                                "type": "AzureSqlSource",
                                "sqlReaderQuery": "select  max(effective_ts)  FROM [dbo].[swichboard_control_table] ",
                                "queryTimeout": "02:00:00",
                                "partitionOption": "None"
                            },
                            "dataset": {
                                "referenceName": "DS_FAMILYTREE_LOAD",
                                "type": "DatasetReference",
                                "parameters": {}
                            },
                            "firstRowOnly": false
                        }
                    },
                    {
                        "name": "Copy data to MX Landing",
                        "type": "Copy",
                        "dependsOn": [
                            {
                                "activity": "Switch1",
                                "dependencyConditions": [
                                    "Succeeded"
                                ]
                            }
                        ],
                        "policy": {
                            "timeout": "0.12:00:00",
                            "retry": 0,
                            "retryIntervalInSeconds": 30,
                            "secureOutput": false,
                            "secureInput": false
                        },
                        "userProperties": [],
                        "typeProperties": {
                            "source": {
                                "type": "ParquetSource",
                                "storeSettings": {
                                    "type": "AzureBlobFSReadSettings",
                                    "recursive": true,
                                    "wildcardFolderPath": "Switchboard/stage",
                                    "wildcardFileName": "*.parquet",
                                    "enablePartitionDiscovery": false
                                },
                                "formatSettings": {
                                    "type": "ParquetReadSettings"
                                }
                            },
                            "sink": {
                                "type": "ParquetSink",
                                "storeSettings": {
                                    "type": "AzureBlobFSWriteSettings",
                                    "copyBehavior": "MergeFiles"
                                },
                                "formatSettings": {
                                    "type": "ParquetWriteSettings"
                                }
                            },
                            "enableStaging": false,
                            "translator": {
                                "type": "TabularTranslator",
                                "typeConversion": true,
                                "typeConversionSettings": {
                                    "allowDataTruncation": true,
                                    "treatBooleanAsNumber": false
                                }
                            }
                        },
                        "inputs": [
                            {
                                "referenceName": "DS_SWICHBOARD_MX_STAGE",
                                "type": "DatasetReference",
                                "parameters": {
                                    "Container_Name": {
                                        "value": "@pipeline().globalParameters.mx_core_data_container",
                                        "type": "Expression"
                                    }
                                }
                            }
                        ],
                        "outputs": [
                            {
                                "referenceName": "DS_SWITCH_LANDING_MODALITY_FAMILY_TREE",
                                "type": "DatasetReference",
                                "parameters": {}
                            }
                        ]
                    },
                    {
                        "name": "Audit Table",
                        "type": "DatabricksNotebook",
                        "dependsOn": [
                            {
                                "activity": "Copy data to MX Landing",
                                "dependencyConditions": [
                                    "Succeeded"
                                ]
                            }
                        ],
                        "policy": {
                            "timeout": "0.12:00:00",
                            "retry": 0,
                            "retryIntervalInSeconds": 30,
                            "secureOutput": false,
                            "secureInput": false
                        },
                        "userProperties": [],
                        "typeProperties": {
                            "notebookPath": "/Repos/adarsh.singh@kroger.com/Merchandising_Data_Platform_Development/notebook/Switchboard_Data_Count",
                            "baseParameters": {
                                "Environment": {
                                    "value": "@pipeline().globalParameters.environment",
                                    "type": "Expression"
                                },
                                "Pipeline_Name": {
                                    "value": "@pipeline().Pipeline",
                                    "type": "Expression"
                                }
                            }
                        },
                        "linkedServiceName": {
                            "referenceName": "adf-dbx-ls",
                            "type": "LinkedServiceReference"
                        }
                    },
                    {
                        "name": "Delete Staging Data",
                        "type": "Delete",
                        "dependsOn": [
                            {
                                "activity": "Audit Table",
                                "dependencyConditions": [
                                    "Succeeded"
                                ]
                            }
                        ],
                        "policy": {
                            "timeout": "0.12:00:00",
                            "retry": 0,
                            "retryIntervalInSeconds": 30,
                            "secureOutput": false,
                            "secureInput": false
                        },
                        "userProperties": [],
                        "typeProperties": {
                            "dataset": {
                                "referenceName": "DS_SWICHBOARD_MX_STAGE",
                                "type": "DatasetReference",
                                "parameters": {
                                    "Container_Name": {
                                        "value": "@pipeline().globalParameters.mx_core_data_container",
                                        "type": "Expression"
                                    }
                                }
                            },
                            "enableLogging": false,
                            "storeSettings": {
                                "type": "AzureBlobFSReadSettings",
                                "recursive": true,
                                "enablePartitionDiscovery": false
                            }
                        }
                    },
                    {
                        "name": "EXECUTE_EMAIL_UNIFIED_copy2",
                        "type": "ExecutePipeline",
                        "dependsOn": [
                            {
                                "activity": "Delete Staging Data",
                                "dependencyConditions": [
                                    "Failed",
                                    "Skipped"
                                ]
                            }
                        ],
                        "policy": {
                            "secureInput": false
                        },
                        "userProperties": [],
                        "typeProperties": {
                            "pipeline": {
                                "referenceName": "LOGIC_APP_EMAIL",
                                "type": "PipelineReference"
                            },
                            "waitOnCompletion": true,
                            "parameters": {
                                "DATAFACTORY_NAME": {
                                    "value": "@pipeline().DataFactory",
                                    "type": "Expression"
                                },
                                "PIPELINE_NAME": {
                                    "value": "@pipeline().Pipeline",
                                    "type": "Expression"
                                },
                                "RUN_ID": {
                                    "value": "@pipeline().RunId",
                                    "type": "Expression"
                                },
                                "ERROR": {
                                    "value": "@coalesce('Pipiline Failed with Error, please go to datafactory for more details.')\n\n",
                                    "type": "Expression"
                                },
                                "STATUS": {
                                    "value": "@string('Failed')",
                                    "type": "Expression"
                                },
                                "RECEIVER": {
                                    "value": "@string('adarsh.singh@kroger.com;adarsh.singh11@infosys.com;adam.dewees@kroger.com\n')",
                                    "type": "Expression"
                                }
                            }
                        }
                    }
                ],
                "policy": {
                    "elapsedTimeMetric": {}
                },
                "variables": {
                    "Delta_Date": {
                        "type": "String"
                    }
                },
                "folder": {
                    "name": "ASSORTMENT/SWITCH"
                },
                "annotations": [],
                "lastPublishTime": "2024-04-03T11:43:24Z"
            },
            "dependsOn": []
        },
        {
            "name": "[concat(parameters('factoryName'), '/PL_8451_Send_email _Groveland')]",
            "type": "Microsoft.DataFactory/factories/pipelines",
            "apiVersion": "2018-06-01",
            "properties": {
                "activities": [
                    {
                        "name": "Send Email to 8451",
                        "type": "ExecutePipeline",
                        "dependsOn": [],
                        "policy": {
                            "secureInput": false
                        },
                        "userProperties": [],
                        "typeProperties": {
                            "pipeline": {
                                "referenceName": "PL_PZN_Send_Blob_Email",
                                "type": "PipelineReference"
                            },
                            "waitOnCompletion": true,
                            "parameters": {
                                "division_name": "540-Groveland"
                            }
                        }
                    }
                ],
                "policy": {
                    "elapsedTimeMetric": {}
                },
                "folder": {
                    "name": "PZN_Digital_Ads"
                },
                "annotations": [],
                "lastPublishTime": "2024-04-03T11:43:21Z"
            },
            "dependsOn": []
        },
        {
            "name": "[concat(parameters('factoryName'), '/PL_8451_Send_email_Oklahoma')]",
            "type": "Microsoft.DataFactory/factories/pipelines",
            "apiVersion": "2018-06-01",
            "properties": {
                "activities": [
                    {
                        "name": "Send Email to 8451",
                        "type": "ExecutePipeline",
                        "dependsOn": [],
                        "policy": {
                            "secureInput": false
                        },
                        "userProperties": [],
                        "typeProperties": {
                            "pipeline": {
                                "referenceName": "PL_PZN_Send_Blob_Email",
                                "type": "PipelineReference"
                            },
                            "waitOnCompletion": true,
                            "parameters": {
                                "division_name": "540-Oklahoma"
                            }
                        }
                    }
                ],
                "policy": {
                    "elapsedTimeMetric": {}
                },
                "folder": {
                    "name": "PZN_Digital_Ads"
                },
                "annotations": [],
                "lastPublishTime": "2024-04-03T11:43:21Z"
            },
            "dependsOn": []
        },
        {
            "name": "[concat(parameters('factoryName'), '/PL_PTS_TRIGGER')]",
            "type": "Microsoft.DataFactory/factories/pipelines",
            "apiVersion": "2018-06-01",
            "properties": {
                "description": "This Pipeline Triggers the PTS Extract pipeline according to the custom schedule.",
                "activities": [
                    {
                        "name": "SQL_DB_LOOKUP_VALUE",
                        "type": "Lookup",
                        "dependsOn": [],
                        "policy": {
                            "timeout": "0.12:00:00",
                            "retry": 0,
                            "retryIntervalInSeconds": 30,
                            "secureOutput": false,
                            "secureInput": false
                        },
                        "userProperties": [],
                        "typeProperties": {
                            "source": {
                                "type": "AzureSqlSource",
                                "sqlReaderQuery": "SELECT day_dt FROM [MX_METADATA].[DIM_CAL_LVL_DAY]\nWHERE yer_no >= YEAR(GETDATE())\nAND wek_day_abb_tx ='TUE' \nAND wek_dsc_tx \nLIKE '%WK 1%'  \nAND day_dt  >=GETDATE() \nORDER BY bgn_wek_day_id,day_dt",
                                "queryTimeout": "02:00:00",
                                "partitionOption": "None"
                            },
                            "dataset": {
                                "referenceName": "AzureSqlTable",
                                "type": "DatasetReference",
                                "parameters": {}
                            }
                        }
                    },
                    {
                        "name": "If Condition1",
                        "type": "IfCondition",
                        "dependsOn": [
                            {
                                "activity": "SQL_DB_LOOKUP_VALUE",
                                "dependencyConditions": [
                                    "Succeeded"
                                ]
                            }
                        ],
                        "userProperties": [],
                        "typeProperties": {
                            "expression": {
                                "value": "@if(equals(activity('SQL_DB_LOOKUP_VALUE').output.firstRow.day_dt, formatDateTime(utcnow(), 'yyyy-MM-dd')), true, false)\n",
                                "type": "Expression"
                            },
                            "ifFalseActivities": [
                                {
                                    "name": "Fail1",
                                    "type": "Fail",
                                    "dependsOn": [],
                                    "userProperties": [],
                                    "typeProperties": {
                                        "message": "Not Scheduled Today",
                                        "errorCode": "100"
                                    }
                                }
                            ],
                            "ifTrueActivities": [
                                {
                                    "name": "Execute Pipeline1",
                                    "type": "ExecutePipeline",
                                    "dependsOn": [],
                                    "policy": {
                                        "secureInput": false
                                    },
                                    "userProperties": [],
                                    "typeProperties": {
                                        "pipeline": {
                                            "referenceName": "PL_PTS_EXTRACT",
                                            "type": "PipelineReference"
                                        },
                                        "waitOnCompletion": true,
                                        "parameters": {}
                                    }
                                }
                            ]
                        }
                    }
                ],
                "policy": {
                    "elapsedTimeMetric": {}
                },
                "variables": {
                    "Filter": {
                        "type": "String"
                    }
                },
                "folder": {
                    "name": "EXTRACTS"
                },
                "annotations": [],
                "lastPublishTime": "2024-04-03T11:43:23Z"
            },
            "dependsOn": []
        },
        {
            "name": "[concat(parameters('factoryName'), '/CUSTOMER_ORDER_TRIGGER')]",
            "type": "Microsoft.DataFactory/factories/triggers",
            "apiVersion": "2018-06-01",
            "properties": {
                "description": "This job is scheduled to Run at 6:30 am EST ( to make sure daily extract is available on HT side till 8 am).",
                "annotations": [],
                "runtimeState": "Started",
                "pipelines": [
                    {
                        "pipelineReference": {
                            "referenceName": "PL_CUST_FREDRICK_DBX_PIPELINE",
                            "type": "PipelineReference"
                        },
                        "parameters": {}
                    }
                ],
                "type": "ScheduleTrigger",
                "typeProperties": {
                    "recurrence": {
                        "frequency": "Day",
                        "interval": 1,
                        "startTime": "2023-02-24T12:00:00",
                        "timeZone": "Eastern Standard Time",
                        "schedule": {
                            "minutes": [
                                30
                            ],
                            "hours": [
                                6
                            ]
                        }
                    }
                }
            },
            "dependsOn": []
        },
        {
            "name": "[concat(parameters('factoryName'), '/SALESFORCE_FACILITY_TRIGGER')]",
            "type": "Microsoft.DataFactory/factories/triggers",
            "apiVersion": "2018-06-01",
            "properties": {
                "description": "This job is scheduled to Run at 11:30 am UTC ( to make sure daily extract is available on IR side till 12:30 am).",
                "annotations": [],
                "runtimeState": "Stopped",
                "pipelines": [
                    {
                        "pipelineReference": {
                            "referenceName": "PL_FACILITY_EXTRACT_P1",
                            "type": "PipelineReference"
                        },
                        "parameters": {}
                    }
                ],
                "type": "ScheduleTrigger",
                "typeProperties": {
                    "recurrence": {
                        "frequency": "Day",
                        "interval": 1,
                        "startTime": "2023-05-03T11:30:00Z",
                        "timeZone": "UTC",
                        "schedule": {}
                    }
                }
            },
            "dependsOn": []
        },
        {
            "name": "[concat(parameters('factoryName'), '/MONITORING_TRIGGER')]",
            "type": "Microsoft.DataFactory/factories/triggers",
            "apiVersion": "2018-06-01",
            "properties": {
                "annotations": [],
                "runtimeState": "Started",
                "pipelines": [
                    {
                        "pipelineReference": {
                            "referenceName": "PL_ADB_MONITORING_PIPELINE",
                            "type": "PipelineReference"
                        },
                        "parameters": {}
                    }
                ],
                "type": "ScheduleTrigger",
                "typeProperties": {
                    "recurrence": {
                        "frequency": "Hour",
                        "interval": 1,
                        "startTime": "2023-05-17T09:49:00Z",
                        "timeZone": "UTC"
                    }
                }
            },
            "dependsOn": []
        },
        {
            "name": "[concat(parameters('factoryName'), '/FACILITY_SALESFORCE_TRIGGER')]",
            "type": "Microsoft.DataFactory/factories/triggers",
            "apiVersion": "2018-06-01",
            "properties": {
                "description": "This job is scheduled to Run at 11:30 am UTC (to make sure daily extract is available on IR side till 12:30 am).",
                "annotations": [],
                "runtimeState": "Started",
                "pipelines": [
                    {
                        "pipelineReference": {
                            "referenceName": "PL_FACILITY_EXTRACT",
                            "type": "PipelineReference"
                        },
                        "parameters": {}
                    }
                ],
                "type": "ScheduleTrigger",
                "typeProperties": {
                    "recurrence": {
                        "frequency": "Day",
                        "interval": 1,
                        "startTime": "2023-05-18T11:30:00Z",
                        "timeZone": "UTC",
                        "schedule": {}
                    }
                }
            },
            "dependsOn": []
        },
        {
            "name": "[concat(parameters('factoryName'), '/LIVECLICKER_TRIGGER')]",
            "type": "Microsoft.DataFactory/factories/triggers",
            "apiVersion": "2018-06-01",
            "properties": {
                "annotations": [],
                "runtimeState": "Started",
                "pipelines": [
                    {
                        "pipelineReference": {
                            "referenceName": "PL_LIVECLICKER_EXTRACT",
                            "type": "PipelineReference"
                        },
                        "parameters": {}
                    }
                ],
                "type": "ScheduleTrigger",
                "typeProperties": {
                    "recurrence": {
                        "frequency": "Day",
                        "interval": 1,
                        "startTime": "2023-05-23T11:50:00Z",
                        "timeZone": "UTC",
                        "schedule": {}
                    }
                }
            },
            "dependsOn": []
        },
        {
            "name": "[concat(parameters('factoryName'), '/TR_BOSST_FEE_MISSING')]",
            "type": "Microsoft.DataFactory/factories/triggers",
            "apiVersion": "2018-06-01",
            "properties": {
                "annotations": [],
                "runtimeState": "Started",
                "pipelines": [
                    {
                        "pipelineReference": {
                            "referenceName": "PL_BOOST_MISSING_FEE",
                            "type": "PipelineReference"
                        },
                        "parameters": {}
                    }
                ],
                "type": "ScheduleTrigger",
                "typeProperties": {
                    "recurrence": {
                        "frequency": "Week",
                        "interval": 1,
                        "startTime": "2023-06-21T12:41:00",
                        "timeZone": "Eastern Standard Time",
                        "schedule": {
                            "minutes": [
                                0
                            ],
                            "hours": [
                                7
                            ],
                            "weekDays": [
                                "Monday",
                                "Thursday"
                            ]
                        }
                    }
                }
            },
            "dependsOn": []
        },
        {
            "name": "[concat(parameters('factoryName'), '/TRG_DATA_TRNX_LOGS')]",
            "type": "Microsoft.DataFactory/factories/triggers",
            "apiVersion": "2018-06-01",
            "properties": {
                "annotations": [],
                "runtimeState": "Started",
                "pipelines": [
                    {
                        "pipelineReference": {
                            "referenceName": "PL_DATA_TRANSFER_LOGS",
                            "type": "PipelineReference"
                        },
                        "parameters": {}
                    }
                ],
                "type": "ScheduleTrigger",
                "typeProperties": {
                    "recurrence": {
                        "frequency": "Day",
                        "interval": 1,
                        "startTime": "2023-07-19T10:49:00Z",
                        "timeZone": "UTC",
                        "schedule": {
                            "minutes": [
                                0
                            ],
                            "hours": [
                                5
                            ]
                        }
                    }
                }
            },
            "dependsOn": []
        },
        {
            "name": "[concat(parameters('factoryName'), '/Boost Trigger Missing 2x Fuel Points')]",
            "type": "Microsoft.DataFactory/factories/triggers",
            "apiVersion": "2018-06-01",
            "properties": {
                "annotations": [],
                "runtimeState": "Stopped",
                "pipelines": [
                    {
                        "pipelineReference": {
                            "referenceName": "PL_BOOST_MISSING_2X_FUEL_POINTS",
                            "type": "PipelineReference"
                        },
                        "parameters": {
                            "Start_Date": "[parameters('Boost Trigger Missing 2x Fuel Points_properties_PL_BOOST_MISSING_2X_FUEL_POINTS_parameters_Start_Date')]",
                            "End_Date": "[parameters('Boost Trigger Missing 2x Fuel Points_properties_PL_BOOST_MISSING_2X_FUEL_POINTS_parameters_End_Date')]",
                            "Program_Id": "[parameters('Boost Trigger Missing 2x Fuel Points_properties_PL_BOOST_MISSING_2X_FUEL_POINTS_parameters_Program_Id')]"
                        }
                    }
                ],
                "type": "ScheduleTrigger",
                "typeProperties": {
                    "recurrence": {
                        "frequency": "Week",
                        "interval": 1,
                        "startTime": "2023-08-28T06:02:00",
                        "timeZone": "Eastern Standard Time",
                        "schedule": {
                            "minutes": [
                                0
                            ],
                            "hours": [
                                8
                            ],
                            "weekDays": [
                                "Monday",
                                "Wednesday",
                                "Friday"
                            ]
                        }
                    }
                }
            },
            "dependsOn": []
        },
        {
            "name": "[concat(parameters('factoryName'), '/TRG_HT_NEW_ENROLL')]",
            "type": "Microsoft.DataFactory/factories/triggers",
            "apiVersion": "2018-06-01",
            "properties": {
                "annotations": [],
                "runtimeState": "Started",
                "pipelines": [
                    {
                        "pipelineReference": {
                            "referenceName": "PL_HT_NEW_ENROLLMENT",
                            "type": "PipelineReference"
                        },
                        "parameters": {}
                    }
                ],
                "type": "ScheduleTrigger",
                "typeProperties": {
                    "recurrence": {
                        "frequency": "Week",
                        "interval": 1,
                        "startTime": "2023-10-28T00:00:00",
                        "timeZone": "Eastern Standard Time",
                        "schedule": {
                            "minutes": [
                                30
                            ],
                            "hours": [
                                5
                            ],
                            "weekDays": [
                                "Thursday"
                            ]
                        }
                    }
                }
            },
            "dependsOn": [
                "[concat(variables('factoryId'), '/pipelines/PL_HT_NEW_ENROLLMENT')]"
            ]
        },
        {
            "name": "[concat(parameters('factoryName'), '/TRG_MX_POP_CURATION_DELTA_EVERY_ONEHOUR')]",
            "type": "Microsoft.DataFactory/factories/triggers",
            "apiVersion": "2018-06-01",
            "properties": {
                "annotations": [],
                "runtimeState": "Stopped",
                "pipeline": {
                    "pipelineReference": {
                        "referenceName": "PL_MX_POP_PIM_ITEM_CURATION_DELTA_MASTER",
                        "type": "PipelineReference"
                    },
                    "parameters": {}
                },
                "type": "TumblingWindowTrigger",
                "typeProperties": {
                    "frequency": "Hour",
                    "interval": 1,
                    "startTime": "2023-12-12T17:00:00Z",
                    "delay": "00:00:00",
                    "maxConcurrency": 50,
                    "retryPolicy": {
                        "count": 2,
                        "intervalInSeconds": 30
                    },
                    "dependsOn": []
                }
            },
            "dependsOn": [
                "[concat(variables('factoryId'), '/pipelines/PL_MX_POP_PIM_ITEM_CURATION_DELTA_MASTER')]"
            ]
        },
        {
            "name": "[concat(parameters('factoryName'), '/TRG_MX_SWITCH_FAMILY_TREE_DAILY')]",
            "type": "Microsoft.DataFactory/factories/triggers",
            "apiVersion": "2018-06-01",
            "properties": {
                "annotations": [],
                "runtimeState": "Stopped",
                "pipelines": [
                    {
                        "pipelineReference": {
                            "referenceName": "PL_MX_FAMILY_TREE_DAILY_TO_DMP",
                            "type": "PipelineReference"
                        },
                        "parameters": {}
                    }
                ],
                "type": "ScheduleTrigger",
                "typeProperties": {
                    "recurrence": {
                        "frequency": "Day",
                        "interval": 1,
                        "startTime": "2023-11-13T15:17:00",
                        "timeZone": "Eastern Standard Time",
                        "schedule": {
                            "minutes": [
                                0
                            ],
                            "hours": [
                                20
                            ]
                        }
                    }
                }
            },
            "dependsOn": [
                "[concat(variables('factoryId'), '/pipelines/PL_MX_FAMILY_TREE_DAILY_TO_DMP')]"
            ]
        },
        {
            "name": "[concat(parameters('factoryName'), '/TRG_Send_Email_Groveland')]",
            "type": "Microsoft.DataFactory/factories/triggers",
            "apiVersion": "2018-06-01",
            "properties": {
                "annotations": [],
                "runtimeState": "Stopped",
                "pipelines": [
                    {
                        "pipelineReference": {
                            "referenceName": "PL_8451_Send_email _Groveland",
                            "type": "PipelineReference"
                        },
                        "parameters": {}
                    }
                ],
                "type": "BlobEventsTrigger",
                "typeProperties": {
                    "blobPathBeginsWith": "/personalised-digital-ads/blobs/gold/digital_ads_for_8451/540-Groveland",
                    "blobPathEndsWith": ".json",
                    "ignoreEmptyBlobs": true,
                    "scope": "[parameters('TRG_Send_Email_Groveland_properties_typeProperties_scope')]",
                    "events": [
                        "Microsoft.Storage.BlobCreated"
                    ]
                }
            },
            "dependsOn": [
                "[concat(variables('factoryId'), '/pipelines/PL_8451_Send_email _Groveland')]"
            ]
        },
        {
            "name": "[concat(parameters('factoryName'), '/TR_PZN_Digital_Ads_Send_Email_Oklahoma')]",
            "type": "Microsoft.DataFactory/factories/triggers",
            "apiVersion": "2018-06-01",
            "properties": {
                "annotations": [],
                "runtimeState": "Stopped",
                "pipelines": [
                    {
                        "pipelineReference": {
                            "referenceName": "PL_8451_Send_email_Oklahoma",
                            "type": "PipelineReference"
                        },
                        "parameters": {}
                    }
                ],
                "type": "BlobEventsTrigger",
                "typeProperties": {
                    "blobPathBeginsWith": "/personalised-digital-ads/blobs/gold/digital_ads_for_8451/540-Oklahoma/",
                    "blobPathEndsWith": ".json",
                    "ignoreEmptyBlobs": true,
                    "scope": "[parameters('TR_PZN_Digital_Ads_Send_Email_Oklahoma_properties_typeProperties_scope')]",
                    "events": [
                        "Microsoft.Storage.BlobCreated"
                    ]
                }
            },
            "dependsOn": [
                "[concat(variables('factoryId'), '/pipelines/PL_8451_Send_email_Oklahoma')]"
            ]
        }
    ]
}