{
    "$schema": "http://schema.management.azure.com/schemas/2015-01-01/deploymentTemplate.json#",
    "contentVersion": "1.0.0.0",
    "parameters": {
        "factoryName": {
            "type": "string",
            "metadata": "Data Factory name",
            "defaultValue": "mx-core-data-prod-dfws"
        },
        "Filesystem_LS_password": {
            "type": "secureString",
            "metadata": "Secure string for 'password' of 'Filesystem_LS'"
        },
        "Prod_Netezza1_Analytics_connectionString": {
            "type": "secureString",
            "metadata": "Secure string for 'connectionString' of 'Prod_Netezza1_Analytics'"
        },
        "Catman_connectionString": {
            "type": "secureString",
            "metadata": "Secure string for 'connectionString' of 'Catman'",
            "defaultValue": "Integrated Security=False;Data Source=n060ngppmsql11;Initial Catalog=ngpcatdbprod;User ID=svc4485ngpcatdbp"
        },
        "Netezza_Analytics_connectionString": {
            "type": "secureString",
            "metadata": "Secure string for 'connectionString' of 'Netezza_Analytics'",
            "defaultValue": "Server=u060hdcloynet13;Port=5480;Database=PRD_AMP_ANALYTICS;UID=s8666MxADFNetzzaP;SecurityLevel=preferredUnSecured;CaCertFile="
        },
        "Netezza_Archive_connectionString": {
            "type": "secureString",
            "metadata": "Secure string for 'connectionString' of 'Netezza_Archive'",
            "defaultValue": "Server=u060hdcloynet13;Port=5480;Database=PRD_AMP_ARCHIVE;UID=s8666MxADFNetzzaP;SecurityLevel=preferredUnSecured;CaCertFile="
        },
        "Netezza_Landing_connectionString": {
            "type": "secureString",
            "metadata": "Secure string for 'connectionString' of 'Netezza_Landing'",
            "defaultValue": "Server=u060hdcloynet13;Port=5480;Database=PRD_AMP_LANDING;UID=s8666MxADFNetzzaP;SecurityLevel=preferredUnSecured;CaCertFile="
        },
        "Filesystem_LS_properties_typeProperties_host": {
            "type": "string",
            "defaultValue": "e:\\"
        },
        "Filesystem_LS_properties_typeProperties_userId": {
            "type": "string",
            "defaultValue": "s8666adfP@kroger.com"
        },
        "DB2_ls_properties_typeProperties_connectionString_secretName": {
            "type": "string",
            "defaultValue": "db2-odbc-connection-string"
        },
        "azsql-db-ls_properties_typeProperties_connectionString_secretName": {
            "type": "string",
            "defaultValue": "sql-database-connection-string"
        },
        "EDW_DB2_LS_properties_typeProperties_connectionString_secretName": {
            "type": "string",
            "defaultValue": "EDW-DB2-ConnectionString"
        },
        "postgre_ls_properties_typeProperties_connectionString_secretName": {
            "type": "string",
            "defaultValue": "Switchboard-Postgre-ConnectionString"
        },
        "MxItemIaportCassandraDB_properties_typeProperties_connectionString_secretName": {
            "type": "string",
            "defaultValue": "Iaport-CassandraDB-ConnectionString"
        },
        "MxOffersCassandraDB_properties_typeProperties_connectionString_secretName": {
            "type": "string",
            "defaultValue": "Offers-Cassandra-ConnectionString"
        },
        "ePlum_NAS_LS_properties_typeProperties_host": {
            "type": "string",
            "defaultValue": "\\\\n060plumfs101\\Plum_Xfer\\ePLUM_Host\\"
        },
        "ePlum_NAS_LS_properties_typeProperties_userId": {
            "type": "string",
            "defaultValue": "KROGER\\s5756ePlumP"
        },
        "MxPVGYugaByteDB_properties_typeProperties_connectionString_secretName": {
            "type": "string",
            "defaultValue": "PVG-YugabyteDB-ConnectionString"
        },
        "ePLUM_NAS_PERF_STATS_properties_typeProperties_host": {
            "type": "string",
            "defaultValue": "\\\\n060plumfs201\\Plum_Xfer\\ePLUM_Host\\PERF_STATS"
        },
        "ePLUM_NAS_PERF_STATS_properties_typeProperties_userId": {
            "type": "string",
            "defaultValue": "KROGER\\s5756ePlumN"
        }
    },
    "variables": {
        "factoryId": "[concat('Microsoft.DataFactory/factories/', parameters('factoryName'))]"
    },
    "resources": [
        {
            "name": "[concat(parameters('factoryName'), '/Filesystem_LS')]",
            "type": "Microsoft.DataFactory/factories/linkedServices",
            "apiVersion": "2018-06-01",
            "properties": {
                "description": "file system linked service",
                "annotations": [],
                "type": "FileServer",
                "typeProperties": {
                    "host": "[parameters('Filesystem_LS_properties_typeProperties_host')]",
                    "userId": "[parameters('Filesystem_LS_properties_typeProperties_userId')]",
                    "password": {
                        "type": "SecureString",
                        "value": "[parameters('Filesystem_LS_password')]"
                    }
                },
                "connectVia": {
                    "referenceName": "adf-shir",
                    "type": "IntegrationRuntimeReference"
                }
            },
            "dependsOn": []
        },
        {
            "name": "[concat(parameters('factoryName'), '/Prod_Netezza1_Analytics')]",
            "type": "Microsoft.DataFactory/factories/linkedServices",
            "apiVersion": "2018-06-01",
            "properties": {
                "annotations": [],
                "type": "Netezza",
                "typeProperties": {
                    "connectionString": "[parameters('Prod_Netezza1_Analytics_connectionString')]"
                },
                "connectVia": {
                    "referenceName": "adf-shir",
                    "type": "IntegrationRuntimeReference"
                }
            },
            "dependsOn": []
        },
        {
            "name": "[concat(parameters('factoryName'), '/DB2_ls')]",
            "type": "Microsoft.DataFactory/factories/linkedServices",
            "apiVersion": "2018-06-01",
            "properties": {
                "annotations": [],
                "type": "Odbc",
                "typeProperties": {
                    "connectionString": {
                        "type": "AzureKeyVaultSecret",
                        "store": {
                            "referenceName": "adf-kv-ls",
                            "type": "LinkedServiceReference"
                        },
                        "secretName": "[parameters('DB2_ls_properties_typeProperties_connectionString_secretName')]"
                    },
                    "authenticationType": "Anonymous"
                },
                "connectVia": {
                    "referenceName": "adf-shir",
                    "type": "IntegrationRuntimeReference"
                }
            },
            "dependsOn": []
        },
        {
            "name": "[concat(parameters('factoryName'), '/Catman')]",
            "type": "Microsoft.DataFactory/factories/linkedServices",
            "apiVersion": "2018-06-01",
            "properties": {
                "annotations": [],
                "type": "SqlServer",
                "typeProperties": {
                    "connectionString": "[parameters('Catman_connectionString')]",
                    "password": {
                        "type": "AzureKeyVaultSecret",
                        "store": {
                            "referenceName": "adf-kv-ls",
                            "type": "LinkedServiceReference"
                        },
                        "secretName": "CatmanPassword"
                    }
                },
                "connectVia": {
                    "referenceName": "adf-shir",
                    "type": "IntegrationRuntimeReference"
                }
            },
            "dependsOn": []
        },
        {
            "name": "[concat(parameters('factoryName'), '/azsql-db-ls')]",
            "type": "Microsoft.DataFactory/factories/linkedServices",
            "apiVersion": "2018-06-01",
            "properties": {
                "annotations": [],
                "type": "AzureSqlDatabase",
                "typeProperties": {
                    "connectionString": {
                        "type": "AzureKeyVaultSecret",
                        "store": {
                            "referenceName": "adf-kv-ls",
                            "type": "LinkedServiceReference"
                        },
                        "secretName": "[parameters('azsql-db-ls_properties_typeProperties_connectionString_secretName')]"
                    }
                }
            },
            "dependsOn": []
        },
        {
            "name": "[concat(parameters('factoryName'), '/Netezza_Analytics')]",
            "type": "Microsoft.DataFactory/factories/linkedServices",
            "apiVersion": "2018-06-01",
            "properties": {
                "annotations": [],
                "type": "Netezza",
                "typeProperties": {
                    "connectionString": "[parameters('Netezza_Analytics_connectionString')]",
                    "pwd": {
                        "type": "AzureKeyVaultSecret",
                        "store": {
                            "referenceName": "adf-kv-ls",
                            "type": "LinkedServiceReference"
                        },
                        "secretName": "MX-NZ-KEY"
                    }
                },
                "connectVia": {
                    "referenceName": "adf-shir",
                    "type": "IntegrationRuntimeReference"
                }
            },
            "dependsOn": []
        },
        {
            "name": "[concat(parameters('factoryName'), '/Netezza_Archive')]",
            "type": "Microsoft.DataFactory/factories/linkedServices",
            "apiVersion": "2018-06-01",
            "properties": {
                "annotations": [],
                "type": "Netezza",
                "typeProperties": {
                    "connectionString": "[parameters('Netezza_Archive_connectionString')]",
                    "pwd": {
                        "type": "AzureKeyVaultSecret",
                        "store": {
                            "referenceName": "adf-kv-ls",
                            "type": "LinkedServiceReference"
                        },
                        "secretName": "MX-NZ-KEY"
                    }
                },
                "connectVia": {
                    "referenceName": "adf-shir",
                    "type": "IntegrationRuntimeReference"
                }
            },
            "dependsOn": []
        },
        {
            "name": "[concat(parameters('factoryName'), '/Netezza_Landing')]",
            "type": "Microsoft.DataFactory/factories/linkedServices",
            "apiVersion": "2018-06-01",
            "properties": {
                "annotations": [],
                "type": "Netezza",
                "typeProperties": {
                    "connectionString": "[parameters('Netezza_Landing_connectionString')]",
                    "pwd": {
                        "type": "AzureKeyVaultSecret",
                        "store": {
                            "referenceName": "adf-kv-ls",
                            "type": "LinkedServiceReference"
                        },
                        "secretName": "MX-NZ-KEY"
                    }
                },
                "connectVia": {
                    "referenceName": "adf-shir",
                    "type": "IntegrationRuntimeReference"
                }
            },
            "dependsOn": []
        },
        {
            "name": "[concat(parameters('factoryName'), '/EDW_DB2_LS')]",
            "type": "Microsoft.DataFactory/factories/linkedServices",
            "apiVersion": "2018-06-01",
            "properties": {
                "annotations": [],
                "type": "Db2",
                "typeProperties": {
                    "connectionString": {
                        "type": "AzureKeyVaultSecret",
                        "store": {
                            "referenceName": "adf-kv-ls",
                            "type": "LinkedServiceReference"
                        },
                        "secretName": "[parameters('EDW_DB2_LS_properties_typeProperties_connectionString_secretName')]"
                    }
                },
                "connectVia": {
                    "referenceName": "adf-shir",
                    "type": "IntegrationRuntimeReference"
                }
            },
            "dependsOn": []
        },
        {
            "name": "[concat(parameters('factoryName'), '/postgre_ls')]",
            "type": "Microsoft.DataFactory/factories/linkedServices",
            "apiVersion": "2018-06-01",
            "properties": {
                "description": "Postgre On-Premises Database connection using ODBC Connector.",
                "annotations": [],
                "type": "Odbc",
                "typeProperties": {
                    "connectionString": {
                        "type": "AzureKeyVaultSecret",
                        "store": {
                            "referenceName": "adf-kv-ls",
                            "type": "LinkedServiceReference"
                        },
                        "secretName": "[parameters('postgre_ls_properties_typeProperties_connectionString_secretName')]"
                    },
                    "authenticationType": "Anonymous"
                },
                "connectVia": {
                    "referenceName": "adf-shir",
                    "type": "IntegrationRuntimeReference"
                }
            },
            "dependsOn": []
        },
        {
            "name": "[concat(parameters('factoryName'), '/MxItemIaportCassandraDB')]",
            "type": "Microsoft.DataFactory/factories/linkedServices",
            "apiVersion": "2018-06-01",
            "properties": {
                "description": "CassandraDB Database connection using ODBC Connector.",
                "annotations": [],
                "type": "Odbc",
                "typeProperties": {
                    "connectionString": {
                        "type": "AzureKeyVaultSecret",
                        "store": {
                            "referenceName": "adf-kv-ls",
                            "type": "LinkedServiceReference"
                        },
                        "secretName": "[parameters('MxItemIaportCassandraDB_properties_typeProperties_connectionString_secretName')]"
                    },
                    "authenticationType": "Anonymous"
                },
                "connectVia": {
                    "referenceName": "adf-shir",
                    "type": "IntegrationRuntimeReference"
                }
            },
            "dependsOn": []
        },
        {
            "name": "[concat(parameters('factoryName'), '/MxOffersCassandraDB')]",
            "type": "Microsoft.DataFactory/factories/linkedServices",
            "apiVersion": "2018-06-01",
            "properties": {
                "description": "CassandraDB Database connection using ODBC Connector.",
                "annotations": [],
                "type": "Odbc",
                "typeProperties": {
                    "connectionString": {
                        "type": "AzureKeyVaultSecret",
                        "store": {
                            "referenceName": "adf-kv-ls",
                            "type": "LinkedServiceReference"
                        },
                        "secretName": "[parameters('MxOffersCassandraDB_properties_typeProperties_connectionString_secretName')]"
                    },
                    "authenticationType": "Anonymous"
                },
                "connectVia": {
                    "referenceName": "adf-shir",
                    "type": "IntegrationRuntimeReference"
                }
            },
            "dependsOn": []
        },
        {
            "name": "[concat(parameters('factoryName'), '/ePlum_NAS_LS')]",
            "type": "Microsoft.DataFactory/factories/linkedServices",
            "apiVersion": "2018-06-01",
            "properties": {
                "description": "ePlum NAS linked service",
                "annotations": [],
                "type": "FileServer",
                "typeProperties": {
                    "host": "[parameters('ePlum_NAS_LS_properties_typeProperties_host')]",
                    "userId": "[parameters('ePlum_NAS_LS_properties_typeProperties_userId')]",
                    "password": {
                        "type": "AzureKeyVaultSecret",
                        "store": {
                            "referenceName": "adf-kv-ls",
                            "type": "LinkedServiceReference"
                        },
                        "secretName": "ePlum-NAS-Password"
                    }
                },
                "connectVia": {
                    "referenceName": "adf-shir",
                    "type": "IntegrationRuntimeReference"
                }
            },
            "dependsOn": []
        },
        {
            "name": "[concat(parameters('factoryName'), '/MxPVGYugaByteDB')]",
            "type": "Microsoft.DataFactory/factories/linkedServices",
            "apiVersion": "2018-06-01",
            "properties": {
                "description": "Yugabyte Database connection using ODBC Connector.",
                "annotations": [],
                "type": "Odbc",
                "typeProperties": {
                    "connectionString": {
                        "type": "AzureKeyVaultSecret",
                        "store": {
                            "referenceName": "adf-kv-ls",
                            "type": "LinkedServiceReference"
                        },
                        "secretName": "[parameters('MxPVGYugaByteDB_properties_typeProperties_connectionString_secretName')]"
                    },
                    "authenticationType": "Anonymous"
                },
                "connectVia": {
                    "referenceName": "adf-shir",
                    "type": "IntegrationRuntimeReference"
                }
            },
            "dependsOn": []
        },
        {
            "name": "[concat(parameters('factoryName'), '/ePLUM_NAS_PERF_STATS')]",
            "type": "Microsoft.DataFactory/factories/linkedServices",
            "apiVersion": "2018-06-01",
            "properties": {
                "annotations": [],
                "type": "FileServer",
                "typeProperties": {
                    "host": "[parameters('ePLUM_NAS_PERF_STATS_properties_typeProperties_host')]",
                    "userId": "[parameters('ePLUM_NAS_PERF_STATS_properties_typeProperties_userId')]",
                    "password": {
                        "type": "AzureKeyVaultSecret",
                        "store": {
                            "referenceName": "adf-kv-ls",
                            "type": "LinkedServiceReference"
                        },
                        "secretName": "ePlum-NAS-Password"
                    }
                },
                "connectVia": {
                    "referenceName": "adf-shir",
                    "type": "IntegrationRuntimeReference"
                }
            },
            "dependsOn": []
        },
        {
            "name": "[concat(parameters('factoryName'), '/DATASET_STAGE_CUSTOMER_REPO')]",
            "type": "Microsoft.DataFactory/factories/datasets",
            "apiVersion": "2018-06-01",
            "properties": {
                "linkedServiceName": {
                    "referenceName": "ADF-GEN2-LS",
                    "type": "LinkedServiceReference"
                },
                "folder": {
                    "name": "CUSTOMER_DATASET"
                },
                "annotations": [],
                "type": "Parquet",
                "typeProperties": {
                    "location": {
                        "type": "AzureBlobFSLocation",
                        "folderPath": "HarrisTeeter/Stage",
                        "fileSystem": "mx-core-data-prod-data-container"
                    },
                    "compressionCodec": "snappy"
                },
                "schema": []
            },
            "dependsOn": []
        },
        {
            "name": "[concat(parameters('factoryName'), '/DATASET_CUSTOMER_DYNAMIC')]",
            "type": "Microsoft.DataFactory/factories/datasets",
            "apiVersion": "2018-06-01",
            "properties": {
                "linkedServiceName": {
                    "referenceName": "ADF-GEN2-LS",
                    "type": "LinkedServiceReference"
                },
                "parameters": {
                    "Filename": {
                        "type": "string"
                    }
                },
                "folder": {
                    "name": "CUSTOMER_DATASET"
                },
                "annotations": [],
                "type": "Parquet",
                "typeProperties": {
                    "location": {
                        "type": "AzureBlobFSLocation",
                        "fileName": {
                            "value": "@dataset().Filename",
                            "type": "Expression"
                        },
                        "folderPath": "HarrisTeeter/Stage",
                        "fileSystem": "mx-core-data-prod-data-container"
                    },
                    "compressionCodec": "snappy"
                },
                "schema": []
            },
            "dependsOn": []
        },
        {
            "name": "[concat(parameters('factoryName'), '/DATASET_STG_FINAL')]",
            "type": "Microsoft.DataFactory/factories/datasets",
            "apiVersion": "2018-06-01",
            "properties": {
                "linkedServiceName": {
                    "referenceName": "ADF-GEN2-LS",
                    "type": "LinkedServiceReference"
                },
                "folder": {
                    "name": "CUSTOMER_DATASET"
                },
                "annotations": [],
                "type": "Parquet",
                "typeProperties": {
                    "location": {
                        "type": "AzureBlobFSLocation",
                        "folderPath": "HarrisTeeter/STG_Final",
                        "fileSystem": "mx-core-data-prod-data-container"
                    },
                    "compressionCodec": "snappy"
                },
                "schema": []
            },
            "dependsOn": []
        },
        {
            "name": "[concat(parameters('factoryName'), '/DATASET_STG_FINAL_variable')]",
            "type": "Microsoft.DataFactory/factories/datasets",
            "apiVersion": "2018-06-01",
            "properties": {
                "linkedServiceName": {
                    "referenceName": "ADF-GEN2-LS",
                    "type": "LinkedServiceReference"
                },
                "parameters": {
                    "Stage_final_variable": {
                        "type": "string"
                    }
                },
                "folder": {
                    "name": "CUSTOMER_DATASET"
                },
                "annotations": [],
                "type": "Parquet",
                "typeProperties": {
                    "location": {
                        "type": "AzureBlobFSLocation",
                        "fileName": {
                            "value": "@dataset().Stage_final_variable",
                            "type": "Expression"
                        },
                        "folderPath": "HarrisTeeter/STG_Final",
                        "fileSystem": "mx-core-data-prod-data-container"
                    },
                    "compressionCodec": "snappy"
                },
                "schema": []
            },
            "dependsOn": []
        },
        {
            "name": "[concat(parameters('factoryName'), '/Neilson_Test_dataset')]",
            "type": "Microsoft.DataFactory/factories/datasets",
            "apiVersion": "2018-06-01",
            "properties": {
                "linkedServiceName": {
                    "referenceName": "ADF-GEN2-LS",
                    "type": "LinkedServiceReference"
                },
                "annotations": [],
                "type": "Parquet",
                "typeProperties": {
                    "location": {
                        "type": "AzureBlobFSLocation",
                        "folderPath": "nielsen/nielsen.parquet",
                        "fileSystem": "mx-core-data-prod-pid-container"
                    },
                    "compressionCodec": "snappy"
                },
                "schema": []
            },
            "dependsOn": []
        }
    ]
}