{
    "$schema": "http://schema.management.azure.com/schemas/2015-01-01/deploymentTemplate.json#",
    "contentVersion": "1.0.0.0",
    "parameters": {
        "factoryName": {
            "type": "string",
            "metadata": "Data Factory name",
            "defaultValue": "mx-core-data-prod-dfws"
        }
    },
    "variables": {
        "factoryId": "[concat('Microsoft.DataFactory/factories/', parameters('factoryName'))]"
    },
    "resources": [
        {
            "name": "[concat(parameters('factoryName'), '/FINTECH_BINARY')]",
            "type": "Microsoft.DataFactory/factories/datasets",
            "apiVersion": "2018-06-01",
            "properties": {
                "linkedServiceName": {
                    "referenceName": "ADF-GEN2-LS",
                    "type": "LinkedServiceReference"
                },
                "parameters": {
                    "Container_name": {
                        "type": "string"
                    }
                },
                "folder": {
                    "name": "PID"
                },
                "annotations": [],
                "type": "Binary",
                "typeProperties": {
                    "location": {
                        "type": "AzureBlobFSLocation",
                        "folderPath": "fintech",
                        "fileSystem": {
                            "value": "@dataset().Container_name",
                            "type": "Expression"
                        }
                    }
                }
            },
            "dependsOn": []
        },
        {
            "name": "[concat(parameters('factoryName'), '/LOGS_SOURCE')]",
            "type": "Microsoft.DataFactory/factories/datasets",
            "apiVersion": "2018-06-01",
            "properties": {
                "linkedServiceName": {
                    "referenceName": "ADF-GEN2-LS",
                    "type": "LinkedServiceReference"
                },
                "parameters": {
                    "Containername": {
                        "type": "string"
                    }
                },
                "annotations": [],
                "type": "DelimitedText",
                "typeProperties": {
                    "location": {
                        "type": "AzureBlobFSLocation",
                        "fileName": "LOGS.csv",
                        "folderPath": "HarrisTeeter",
                        "fileSystem": {
                            "value": "@dataset().Containername",
                            "type": "Expression"
                        }
                    },
                    "columnDelimiter": ",",
                    "escapeChar": "\\",
                    "firstRowAsHeader": false,
                    "quoteChar": "\""
                },
                "schema": [
                    {
                        "name": "SLNO",
                        "type": "String"
                    }
                ]
            },
            "dependsOn": []
        },
        {
            "name": "[concat(parameters('factoryName'), '/AUDIT_TABLE_CUSTOMER_ORDER')]",
            "type": "Microsoft.DataFactory/factories/datasets",
            "apiVersion": "2018-06-01",
            "properties": {
                "linkedServiceName": {
                    "referenceName": "ADF-GEN2-LS",
                    "type": "LinkedServiceReference"
                },
                "parameters": {
                    "filename": {
                        "type": "string"
                    }
                },
                "folder": {
                    "name": "CUSTOMER_DATASET"
                },
                "annotations": [],
                "type": "DelimitedText",
                "typeProperties": {
                    "location": {
                        "type": "AzureBlobFSLocation",
                        "fileName": {
                            "value": "@dataset().filename",
                            "type": "Expression"
                        },
                        "folderPath": "HarrisTeeter/Audit_Table",
                        "fileSystem": "mx-core-data-prod-data-container"
                    },
                    "columnDelimiter": ",",
                    "escapeChar": "\\",
                    "firstRowAsHeader": true,
                    "quoteChar": "\""
                },
                "schema": []
            },
            "dependsOn": []
        },
        {
            "name": "[concat(parameters('factoryName'), '/TEST_AUd')]",
            "type": "Microsoft.DataFactory/factories/datasets",
            "apiVersion": "2018-06-01",
            "properties": {
                "linkedServiceName": {
                    "referenceName": "ADF-GEN2-LS",
                    "type": "LinkedServiceReference"
                },
                "annotations": [],
                "type": "Parquet",
                "typeProperties": {
                    "location": {
                        "type": "AzureBlobFSLocation",
                        "folderPath": "HarrisTeeter",
                        "fileSystem": "mx-core-data-prod-data-container"
                    },
                    "compressionCodec": "snappy"
                },
                "schema": []
            },
            "dependsOn": []
        },
        {
            "name": "[concat(parameters('factoryName'), '/s2')]",
            "type": "Microsoft.DataFactory/factories/datasets",
            "apiVersion": "2018-06-01",
            "properties": {
                "linkedServiceName": {
                    "referenceName": "ADF-GEN2-LS",
                    "type": "LinkedServiceReference"
                },
                "parameters": {
                    "new": {
                        "type": "string"
                    }
                },
                "folder": {
                    "name": "MERGER_PIPELINE"
                },
                "annotations": [],
                "type": "DelimitedText",
                "typeProperties": {
                    "location": {
                        "type": "AzureBlobFSLocation",
                        "fileName": {
                            "value": "@dataset().new",
                            "type": "Expression"
                        },
                        "folderPath": {
                            "value": "@concat('DELTA_DATA_', formatDateTime(utcnow(), 'dd'), '_', formatDateTime(utcnow(), 'MMMM'))",
                            "type": "Expression"
                        },
                        "fileSystem": "mx-core-data-prod-itemfull-container"
                    },
                    "columnDelimiter": "|",
                    "escapeChar": "\\",
                    "firstRowAsHeader": true,
                    "quoteChar": "\""
                },
                "schema": []
            },
            "dependsOn": []
        },
        {
            "name": "[concat(parameters('factoryName'), '/s1')]",
            "type": "Microsoft.DataFactory/factories/datasets",
            "apiVersion": "2018-06-01",
            "properties": {
                "linkedServiceName": {
                    "referenceName": "ADF-GEN2-LS",
                    "type": "LinkedServiceReference"
                },
                "folder": {
                    "name": "MERGER_PIPELINE"
                },
                "annotations": [],
                "type": "DelimitedText",
                "typeProperties": {
                    "location": {
                        "type": "AzureBlobFSLocation",
                        "folderPath": {
                            "value": "@concat('ITEM_LOCATION/DELTA_DATA_', formatDateTime(utcnow(), 'dd'), '_', formatDateTime(utcnow(), 'MMMM'))",
                            "type": "Expression"
                        },
                        "fileSystem": "mx-core-data-prod-data-container"
                    },
                    "columnDelimiter": "|",
                    "escapeChar": "\\",
                    "firstRowAsHeader": true,
                    "quoteChar": "\""
                },
                "schema": []
            },
            "dependsOn": []
        },
        {
            "name": "[concat(parameters('factoryName'), '/Meta1')]",
            "type": "Microsoft.DataFactory/factories/datasets",
            "apiVersion": "2018-06-01",
            "properties": {
                "linkedServiceName": {
                    "referenceName": "ADF-GEN2-LS",
                    "type": "LinkedServiceReference"
                },
                "annotations": [],
                "type": "DelimitedText",
                "typeProperties": {
                    "location": {
                        "type": "AzureBlobFSLocation",
                        "folderPath": {
                            "value": "@concat('ITEM_LOCATION/DELTA_DATA_', formatDateTime(utcnow(), 'dd'), '_', formatDateTime(utcnow(), 'MMMM'))",
                            "type": "Expression"
                        },
                        "fileSystem": "mx-core-data-prod-data-container"
                    },
                    "columnDelimiter": ",",
                    "escapeChar": "\\",
                    "quoteChar": "\""
                },
                "schema": []
            },
            "dependsOn": []
        },
        {
            "name": "[concat(parameters('factoryName'), '/FINTECH_BINARY_TEXT')]",
            "type": "Microsoft.DataFactory/factories/datasets",
            "apiVersion": "2018-06-01",
            "properties": {
                "linkedServiceName": {
                    "referenceName": "ADF-GEN2-LS",
                    "type": "LinkedServiceReference"
                },
                "parameters": {
                    "file": {
                        "type": "string"
                    },
                    "Container_name": {
                        "type": "string"
                    }
                },
                "folder": {
                    "name": "PID"
                },
                "annotations": [],
                "type": "Binary",
                "typeProperties": {
                    "location": {
                        "type": "AzureBlobFSLocation",
                        "fileName": {
                            "value": "@dataset().file",
                            "type": "Expression"
                        },
                        "folderPath": "fintech",
                        "fileSystem": {
                            "value": "@dataset().Container_name",
                            "type": "Expression"
                        }
                    }
                }
            },
            "dependsOn": []
        },
        {
            "name": "[concat(parameters('factoryName'), '/FINTECH_BINARY_PARQ')]",
            "type": "Microsoft.DataFactory/factories/datasets",
            "apiVersion": "2018-06-01",
            "properties": {
                "linkedServiceName": {
                    "referenceName": "ADF-GEN2-LS",
                    "type": "LinkedServiceReference"
                },
                "parameters": {
                    "Container_name": {
                        "type": "string"
                    }
                },
                "folder": {
                    "name": "PID"
                },
                "annotations": [],
                "type": "Binary",
                "typeProperties": {
                    "location": {
                        "type": "AzureBlobFSLocation",
                        "folderPath": "fintech/fintech.parquet",
                        "fileSystem": {
                            "value": "@dataset().Container_name",
                            "type": "Expression"
                        }
                    }
                }
            },
            "dependsOn": []
        },
        {
            "name": "[concat(parameters('factoryName'), '/LOGS_SOURCE1')]",
            "type": "Microsoft.DataFactory/factories/datasets",
            "apiVersion": "2018-06-01",
            "properties": {
                "linkedServiceName": {
                    "referenceName": "ADF-GEN2-LS",
                    "type": "LinkedServiceReference"
                },
                "parameters": {
                    "Containername": {
                        "type": "string"
                    }
                },
                "folder": {
                    "name": "EXTRACTS"
                },
                "annotations": [],
                "type": "DelimitedText",
                "typeProperties": {
                    "location": {
                        "type": "AzureBlobFSLocation",
                        "fileName": "LOGS.csv",
                        "folderPath": "EXTRACTS",
                        "fileSystem": {
                            "value": "@dataset().Containername",
                            "type": "Expression"
                        }
                    },
                    "columnDelimiter": ",",
                    "escapeChar": "\\",
                    "firstRowAsHeader": false,
                    "quoteChar": "\""
                },
                "schema": [
                    {
                        "name": "SLNO",
                        "type": "String"
                    }
                ]
            },
            "dependsOn": []
        },
        {
            "name": "[concat(parameters('factoryName'), '/FACILITIES_BINARY')]",
            "type": "Microsoft.DataFactory/factories/datasets",
            "apiVersion": "2018-06-01",
            "properties": {
                "linkedServiceName": {
                    "referenceName": "ADF-GEN2-LS",
                    "type": "LinkedServiceReference"
                },
                "parameters": {
                    "Filename": {
                        "type": "string"
                    },
                    "Folderpath": {
                        "type": "string"
                    },
                    "Containername": {
                        "type": "string"
                    }
                },
                "folder": {
                    "name": "EXTRACTS"
                },
                "annotations": [],
                "type": "Binary",
                "typeProperties": {
                    "location": {
                        "type": "AzureBlobFSLocation",
                        "fileName": {
                            "value": "@dataset().Filename",
                            "type": "Expression"
                        },
                        "folderPath": {
                            "value": "@dataset().Folderpath",
                            "type": "Expression"
                        },
                        "fileSystem": {
                            "value": "@dataset().Containername",
                            "type": "Expression"
                        }
                    }
                }
            },
            "dependsOn": []
        },
        {
            "name": "[concat(parameters('factoryName'), '/LOGS_SOURCE2')]",
            "type": "Microsoft.DataFactory/factories/datasets",
            "apiVersion": "2018-06-01",
            "properties": {
                "linkedServiceName": {
                    "referenceName": "ADF-GEN2-LS",
                    "type": "LinkedServiceReference"
                },
                "annotations": [],
                "type": "DelimitedText",
                "typeProperties": {
                    "location": {
                        "type": "AzureBlobFSLocation",
                        "fileName": "LOGS.csv",
                        "folderPath": "Extracts",
                        "fileSystem": "mx-insights-dev-data-container"
                    },
                    "columnDelimiter": ",",
                    "escapeChar": "\\",
                    "firstRowAsHeader": false,
                    "quoteChar": "\""
                },
                "schema": [
                    {
                        "name": "SLNO",
                        "type": "String"
                    }
                ]
            },
            "dependsOn": []
        },
        {
            "name": "[concat(parameters('factoryName'), '/DS_MISSING_FEE')]",
            "type": "Microsoft.DataFactory/factories/datasets",
            "apiVersion": "2018-06-01",
            "properties": {
                "linkedServiceName": {
                    "referenceName": "ADF-GEN2-LS",
                    "type": "LinkedServiceReference"
                },
                "folder": {
                    "name": "DS_BOOST_MISSING_FEE"
                },
                "annotations": [],
                "type": "DelimitedText",
                "typeProperties": {
                    "location": {
                        "type": "AzureBlobFSLocation",
                        "folderPath": "FEE_MISSED",
                        "fileSystem": "mx-core-data-prod-offers-container"
                    },
                    "columnDelimiter": ",",
                    "escapeChar": "\\",
                    "firstRowAsHeader": true,
                    "quoteChar": "\""
                },
                "schema": [
                    {
                        "name": "trn_dt",
                        "type": "String"
                    },
                    {
                        "name": "mgt_div_no",
                        "type": "String"
                    },
                    {
                        "name": "tml_no",
                        "type": "String"
                    },
                    {
                        "name": "trn_tm",
                        "type": "String"
                    },
                    {
                        "name": "sto_no",
                        "type": "String"
                    },
                    {
                        "name": "trn_no",
                        "type": "String"
                    },
                    {
                        "name": "gtin_no",
                        "type": "String"
                    },
                    {
                        "name": "itm_id",
                        "type": "String"
                    },
                    {
                        "name": "loyalty_price_amount",
                        "type": "String"
                    },
                    {
                        "name": "retail_price_amount",
                        "type": "String"
                    },
                    {
                        "name": "gross_market_positive_dolar_amount",
                        "type": "String"
                    },
                    {
                        "name": "loyalty_card_no",
                        "type": "String"
                    }
                ]
            },
            "dependsOn": []
        },
        {
            "name": "[concat(parameters('factoryName'), '/DS_BOOST_FEE_MISSED')]",
            "type": "Microsoft.DataFactory/factories/datasets",
            "apiVersion": "2018-06-01",
            "properties": {
                "linkedServiceName": {
                    "referenceName": "ADF-GEN2-LS",
                    "type": "LinkedServiceReference"
                },
                "folder": {
                    "name": "DS_BOOST_MISSING_FEE"
                },
                "annotations": [],
                "type": "DelimitedText",
                "typeProperties": {
                    "location": {
                        "type": "AzureBlobFSLocation",
                        "fileName": {
                            "value": "@concat('Fee_missing_',formatDateTime(utcNow(),'yyyy-MM-dd'),'.csv')",
                            "type": "Expression"
                        },
                        "folderPath": "FEE_MISSED",
                        "fileSystem": "mx-core-data-prod-offers-container"
                    },
                    "columnDelimiter": ",",
                    "escapeChar": "\\",
                    "firstRowAsHeader": true,
                    "quoteChar": "\""
                },
                "schema": [
                    {
                        "name": "trn_dt",
                        "type": "String"
                    },
                    {
                        "name": "mgt_div_no",
                        "type": "String"
                    },
                    {
                        "name": "tml_no",
                        "type": "String"
                    },
                    {
                        "name": "trn_tm",
                        "type": "String"
                    },
                    {
                        "name": "sto_no",
                        "type": "String"
                    },
                    {
                        "name": "trn_no",
                        "type": "String"
                    },
                    {
                        "name": "gtin_no",
                        "type": "String"
                    },
                    {
                        "name": "itm_id",
                        "type": "String"
                    },
                    {
                        "name": "loyalty_price_amount",
                        "type": "String"
                    },
                    {
                        "name": "retail_price_amount",
                        "type": "String"
                    },
                    {
                        "name": "gross_market_positive_dolar_amount",
                        "type": "String"
                    },
                    {
                        "name": "loyalty_card_no",
                        "type": "String"
                    }
                ]
            },
            "dependsOn": []
        },
        {
            "name": "[concat(parameters('factoryName'), '/DS_BOOST_STAGE')]",
            "type": "Microsoft.DataFactory/factories/datasets",
            "apiVersion": "2018-06-01",
            "properties": {
                "linkedServiceName": {
                    "referenceName": "ADF-GEN2-LS",
                    "type": "LinkedServiceReference"
                },
                "folder": {
                    "name": "DS_BOOST_MISSING_FEE"
                },
                "annotations": [],
                "type": "DelimitedText",
                "typeProperties": {
                    "location": {
                        "type": "AzureBlobFSLocation",
                        "folderPath": "FEE_MISSED/STAGE",
                        "fileSystem": "mx-core-data-prod-offers-container"
                    },
                    "columnDelimiter": ",",
                    "escapeChar": "\\",
                    "firstRowAsHeader": true,
                    "quoteChar": "\""
                },
                "schema": [
                    {
                        "type": "String"
                    },
                    {
                        "type": "String"
                    },
                    {
                        "type": "String"
                    },
                    {
                        "type": "String"
                    },
                    {
                        "type": "String"
                    },
                    {
                        "type": "String"
                    },
                    {
                        "type": "String"
                    },
                    {
                        "type": "String"
                    },
                    {
                        "type": "String"
                    },
                    {
                        "type": "String"
                    },
                    {
                        "type": "String"
                    },
                    {
                        "type": "String"
                    },
                    {
                        "type": "String"
                    },
                    {
                        "type": "String"
                    },
                    {
                        "type": "String"
                    },
                    {
                        "type": "String"
                    },
                    {
                        "type": "String"
                    },
                    {
                        "type": "String"
                    }
                ]
            },
            "dependsOn": []
        },
        {
            "name": "[concat(parameters('factoryName'), '/DS_BOOST_FEE_MISSED_SIZE')]",
            "type": "Microsoft.DataFactory/factories/datasets",
            "apiVersion": "2018-06-01",
            "properties": {
                "linkedServiceName": {
                    "referenceName": "ADF-GEN2-LS",
                    "type": "LinkedServiceReference"
                },
                "parameters": {
                    "FEE_MISSED_SIZE": {
                        "type": "string"
                    }
                },
                "folder": {
                    "name": "DS_BOOST_MISSING_FEE"
                },
                "annotations": [],
                "type": "DelimitedText",
                "typeProperties": {
                    "location": {
                        "type": "AzureBlobFSLocation",
                        "fileName": {
                            "value": "@dataset().FEE_MISSED_SIZE",
                            "type": "Expression"
                        },
                        "folderPath": "FEE_MISSED",
                        "fileSystem": "mx-core-data-prod-offers-container"
                    },
                    "columnDelimiter": ",",
                    "escapeChar": "\\",
                    "firstRowAsHeader": true,
                    "quoteChar": "\""
                },
                "schema": [
                    {
                        "name": "trn_dt",
                        "type": "String"
                    },
                    {
                        "name": "mgt_div_no",
                        "type": "String"
                    },
                    {
                        "name": "tml_no",
                        "type": "String"
                    },
                    {
                        "name": "trn_tm",
                        "type": "String"
                    },
                    {
                        "name": "sto_no",
                        "type": "String"
                    },
                    {
                        "name": "trn_no",
                        "type": "String"
                    },
                    {
                        "name": "gtin_no",
                        "type": "String"
                    },
                    {
                        "name": "itm_id",
                        "type": "String"
                    },
                    {
                        "name": "loyalty_price_amount",
                        "type": "String"
                    },
                    {
                        "name": "retail_price_amount",
                        "type": "String"
                    },
                    {
                        "name": "gross_market_positive_dolar_amount",
                        "type": "String"
                    },
                    {
                        "name": "loyalty_card_no",
                        "type": "String"
                    }
                ]
            },
            "dependsOn": []
        },
        {
            "name": "[concat(parameters('factoryName'), '/Boost_2x_initial')]",
            "type": "Microsoft.DataFactory/factories/datasets",
            "apiVersion": "2018-06-01",
            "properties": {
                "linkedServiceName": {
                    "referenceName": "ADF-GEN2-LS",
                    "type": "LinkedServiceReference"
                },
                "annotations": [],
                "type": "DelimitedText",
                "typeProperties": {
                    "location": {
                        "type": "AzureBlobFSLocation",
                        "folderPath": "Missing_2x_fuel_points/Initial",
                        "fileSystem": "mx-core-data-prod-offers-container"
                    },
                    "columnDelimiter": ",",
                    "escapeChar": "\\",
                    "firstRowAsHeader": true,
                    "quoteChar": "\""
                },
                "schema": [
                    {
                        "name": "LOYALTY_CARD_NUMBER",
                        "type": "String"
                    },
                    {
                        "name": "sum(BASE_EARNED)",
                        "type": "String"
                    },
                    {
                        "name": "max(DIVISION_NUMBER)",
                        "type": "String"
                    }
                ]
            },
            "dependsOn": []
        },
        {
            "name": "[concat(parameters('factoryName'), '/GetData_2x_Fuel')]",
            "type": "Microsoft.DataFactory/factories/datasets",
            "apiVersion": "2018-06-01",
            "properties": {
                "linkedServiceName": {
                    "referenceName": "ADF-GEN2-LS",
                    "type": "LinkedServiceReference"
                },
                "annotations": [],
                "type": "DelimitedText",
                "typeProperties": {
                    "location": {
                        "type": "AzureBlobFSLocation",
                        "folderPath": "Missing_2x_fuel_points",
                        "fileSystem": "mx-core-data-prod-offers-container"
                    },
                    "columnDelimiter": ",",
                    "escapeChar": "\\",
                    "firstRowAsHeader": true,
                    "quoteChar": "\""
                },
                "schema": [
                    {
                        "name": "LOYALTY_CARD_NUMBER",
                        "type": "String"
                    },
                    {
                        "name": "sum(BASE_EARNED)",
                        "type": "String"
                    },
                    {
                        "name": "max(DIVISION_NUMBER)",
                        "type": "String"
                    }
                ]
            },
            "dependsOn": []
        },
        {
            "name": "[concat(parameters('factoryName'), '/Two_x_missing_initial_copy')]",
            "type": "Microsoft.DataFactory/factories/datasets",
            "apiVersion": "2018-06-01",
            "properties": {
                "linkedServiceName": {
                    "referenceName": "ADF-GEN2-LS",
                    "type": "LinkedServiceReference"
                },
                "annotations": [],
                "type": "DelimitedText",
                "typeProperties": {
                    "location": {
                        "type": "AzureBlobFSLocation",
                        "fileName": {
                            "value": "@concat('2x_fuel_',formatDateTime(utcNow(),'yyyy-MM-dd'),'.csv')",
                            "type": "Expression"
                        },
                        "folderPath": "Missing_2x_fuel_points",
                        "fileSystem": "mx-core-data-prod-offers-container"
                    },
                    "columnDelimiter": ",",
                    "escapeChar": "\\",
                    "firstRowAsHeader": true,
                    "quoteChar": "\""
                },
                "schema": [
                    {
                        "name": "LOYALTY_CARD_NUMBER",
                        "type": "String"
                    },
                    {
                        "name": "sum(BASE_EARNED)",
                        "type": "String"
                    },
                    {
                        "name": "max(DIVISION_NUMBER)",
                        "type": "String"
                    }
                ]
            },
            "dependsOn": []
        },
        {
            "name": "[concat(parameters('factoryName'), '/two_x_fuel_size')]",
            "type": "Microsoft.DataFactory/factories/datasets",
            "apiVersion": "2018-06-01",
            "properties": {
                "linkedServiceName": {
                    "referenceName": "ADF-GEN2-LS",
                    "type": "LinkedServiceReference"
                },
                "parameters": {
                    "Missing_2x_fuel_size": {
                        "type": "string"
                    }
                },
                "annotations": [],
                "type": "DelimitedText",
                "typeProperties": {
                    "location": {
                        "type": "AzureBlobFSLocation",
                        "fileName": {
                            "value": "@dataset().Missing_2x_fuel_size",
                            "type": "Expression"
                        },
                        "folderPath": "Missing_2x_fuel_points",
                        "fileSystem": "mx-core-data-prod-offers-container"
                    },
                    "columnDelimiter": ",",
                    "escapeChar": "\\",
                    "firstRowAsHeader": true,
                    "quoteChar": "\""
                },
                "schema": [
                    {
                        "name": "LOYALTY_CARD_NUMBER",
                        "type": "String"
                    },
                    {
                        "name": "sum(BASE_EARNED)",
                        "type": "String"
                    },
                    {
                        "name": "max(DIVISION_NUMBER)",
                        "type": "String"
                    }
                ]
            },
            "dependsOn": []
        }
    ]
}