{
    "$schema": "http://schema.management.azure.com/schemas/2015-01-01/deploymentTemplate.json#",
    "contentVersion": "1.0.0.0",
    "parameters": {
        "factoryName": {
            "type": "string",
            "metadata": "Data Factory name",
            "defaultValue": "mx-core-data-prod-dfws"
        }
    },
    "variables": {
        "factoryId": "[concat('Microsoft.DataFactory/factories/', parameters('factoryName'))]"
    },
    "resources": [
        {
            "name": "[concat(parameters('factoryName'), '/AzureSqlTable')]",
            "type": "Microsoft.DataFactory/factories/datasets",
            "apiVersion": "2018-06-01",
            "properties": {
                "linkedServiceName": {
                    "referenceName": "azsql-db-ls",
                    "type": "LinkedServiceReference"
                },
                "annotations": [],
                "type": "AzureSqlTable",
                "schema": [
                    {
                        "name": "SR_NO",
                        "type": "int",
                        "precision": 10
                    },
                    {
                        "name": "TABEL_NAME",
                        "type": "varchar"
                    },
                    {
                        "name": "DATABASE_NAME",
                        "type": "varchar"
                    },
                    {
                        "name": "SCHEMA_NAME",
                        "type": "varchar"
                    },
                    {
                        "name": "TGT_DATABASENAME",
                        "type": "varchar"
                    },
                    {
                        "name": "TGT_SCHEMANAME",
                        "type": "varchar"
                    },
                    {
                        "name": "TGT_TABLENAME",
                        "type": "varchar"
                    },
                    {
                        "name": "CONTAINER",
                        "type": "varchar"
                    },
                    {
                        "name": "FOLDERNAME",
                        "type": "varchar"
                    },
                    {
                        "name": "FILENAME",
                        "type": "varchar"
                    },
                    {
                        "name": "QUERY",
                        "type": "varchar"
                    },
                    {
                        "name": "MAX_QUERY",
                        "type": "varchar"
                    },
                    {
                        "name": "MAX_FOLDER",
                        "type": "varchar"
                    },
                    {
                        "name": "MAX_FILENAME",
                        "type": "varchar"
                    },
                    {
                        "name": "DATABRICKS_NOTEBOOK_PATH",
                        "type": "varchar"
                    }
                ],
                "typeProperties": {
                    "schema": "MX_METADATA",
                    "table": "METADATA_TABLE_NZ_TO_AZ"
                }
            },
            "dependsOn": []
        },
        {
            "name": "[concat(parameters('factoryName'), '/Netezza_Analytics')]",
            "type": "Microsoft.DataFactory/factories/datasets",
            "apiVersion": "2018-06-01",
            "properties": {
                "linkedServiceName": {
                    "referenceName": "Netezza_Analytics",
                    "type": "LinkedServiceReference"
                },
                "annotations": [],
                "type": "NetezzaTable",
                "schema": [],
                "typeProperties": {}
            },
            "dependsOn": []
        },
        {
            "name": "[concat(parameters('factoryName'), '/Netezza_Archive')]",
            "type": "Microsoft.DataFactory/factories/datasets",
            "apiVersion": "2018-06-01",
            "properties": {
                "linkedServiceName": {
                    "referenceName": "Netezza_Archive",
                    "type": "LinkedServiceReference"
                },
                "annotations": [],
                "type": "NetezzaTable",
                "schema": [],
                "typeProperties": {
                    "schema": "SVCNZDBA",
                    "table": "ARC_TC_OFFER"
                }
            },
            "dependsOn": []
        },
        {
            "name": "[concat(parameters('factoryName'), '/Netezza_Landing')]",
            "type": "Microsoft.DataFactory/factories/datasets",
            "apiVersion": "2018-06-01",
            "properties": {
                "linkedServiceName": {
                    "referenceName": "Netezza_Landing",
                    "type": "LinkedServiceReference"
                },
                "annotations": [],
                "type": "NetezzaTable",
                "schema": [],
                "typeProperties": {}
            },
            "dependsOn": []
        },
        {
            "name": "[concat(parameters('factoryName'), '/DS_TGT_MERCHANT_EXTRACT_SODA_HEALTH')]",
            "type": "Microsoft.DataFactory/factories/datasets",
            "apiVersion": "2018-06-01",
            "properties": {
                "linkedServiceName": {
                    "referenceName": "Filesystem_LS",
                    "type": "LinkedServiceReference"
                },
                "parameters": {
                    "Filename": {
                        "type": "string"
                    },
                    "Folderpath": {
                        "type": "string"
                    }
                },
                "folder": {
                    "name": "EXTRACTS"
                },
                "annotations": [],
                "type": "DelimitedText",
                "typeProperties": {
                    "location": {
                        "type": "FileServerLocation",
                        "fileName": {
                            "value": "@dataset().Filename",
                            "type": "Expression"
                        },
                        "folderPath": {
                            "value": "@dataset().Folderpath",
                            "type": "Expression"
                        }
                    },
                    "columnDelimiter": "|",
                    "escapeChar": "\\",
                    "firstRowAsHeader": true,
                    "quoteChar": "\""
                },
                "schema": []
            },
            "dependsOn": []
        },
        {
            "name": "[concat(parameters('factoryName'), '/DS_COST_NEXT_IR_SERVER')]",
            "type": "Microsoft.DataFactory/factories/datasets",
            "apiVersion": "2018-06-01",
            "properties": {
                "linkedServiceName": {
                    "referenceName": "Filesystem_LS",
                    "type": "LinkedServiceReference"
                },
                "annotations": [],
                "type": "Binary",
                "typeProperties": {
                    "location": {
                        "type": "FileServerLocation",
                        "folderPath": "mx/data/cost_new"
                    }
                }
            },
            "dependsOn": []
        },
        {
            "name": "[concat(parameters('factoryName'), '/DEMANDTEC_IR_COST_FILE')]",
            "type": "Microsoft.DataFactory/factories/datasets",
            "apiVersion": "2018-06-01",
            "properties": {
                "linkedServiceName": {
                    "referenceName": "Filesystem_LS",
                    "type": "LinkedServiceReference"
                },
                "parameters": {
                    "Filename": {
                        "type": "string"
                    }
                },
                "annotations": [],
                "type": "DelimitedText",
                "typeProperties": {
                    "location": {
                        "type": "FileServerLocation",
                        "fileName": {
                            "value": "@dataset().Filename",
                            "type": "Expression"
                        },
                        "folderPath": "mx/data/outbound/demandtec"
                    },
                    "columnDelimiter": "|",
                    "compressionCodec": "gzip",
                    "escapeChar": "",
                    "firstRowAsHeader": false,
                    "quoteChar": ""
                },
                "schema": []
            },
            "dependsOn": []
        },
        {
            "name": "[concat(parameters('factoryName'), '/DS_HT_NEW_ENROLL_IR')]",
            "type": "Microsoft.DataFactory/factories/datasets",
            "apiVersion": "2018-06-01",
            "properties": {
                "linkedServiceName": {
                    "referenceName": "Filesystem_LS",
                    "type": "LinkedServiceReference"
                },
                "parameters": {
                    "Filename": {
                        "type": "string"
                    }
                },
                "annotations": [],
                "type": "DelimitedText",
                "typeProperties": {
                    "location": {
                        "type": "FileServerLocation",
                        "fileName": {
                            "value": "@dataset().Filename",
                            "type": "Expression"
                        },
                        "folderPath": "mx/data/outbound/HT_NEW_ENROLL"
                    },
                    "columnDelimiter": ",",
                    "escapeChar": "\\",
                    "firstRowAsHeader": true,
                    "quoteChar": "\""
                },
                "schema": []
            },
            "dependsOn": []
        },
        {
            "name": "[concat(parameters('factoryName'), '/DS_SWITCH_MODALITY_OVERRIDE')]",
            "type": "Microsoft.DataFactory/factories/datasets",
            "apiVersion": "2018-06-01",
            "properties": {
                "linkedServiceName": {
                    "referenceName": "postgre_ls",
                    "type": "LinkedServiceReference"
                },
                "folder": {
                    "name": "Switchboard"
                },
                "annotations": [],
                "type": "OdbcTable",
                "schema": [],
                "typeProperties": {
                    "tableName": "\"public\".\"modality_override\""
                }
            },
            "dependsOn": []
        },
        {
            "name": "[concat(parameters('factoryName'), '/DIM_SNL_EVT_BOK')]",
            "type": "Microsoft.DataFactory/factories/datasets",
            "apiVersion": "2018-06-01",
            "properties": {
                "linkedServiceName": {
                    "referenceName": "EDW_DB2_LS",
                    "type": "LinkedServiceReference"
                },
                "annotations": [],
                "type": "Db2Table",
                "schema": [],
                "typeProperties": {
                    "schema": "KCMS",
                    "table": "DIM_SNL_EVT_BOK"
                }
            },
            "dependsOn": []
        },
        {
            "name": "[concat(parameters('factoryName'), '/DIM_SNL_DIV_CMT')]",
            "type": "Microsoft.DataFactory/factories/datasets",
            "apiVersion": "2018-06-01",
            "properties": {
                "linkedServiceName": {
                    "referenceName": "EDW_DB2_LS",
                    "type": "LinkedServiceReference"
                },
                "annotations": [],
                "type": "Db2Table",
                "schema": [],
                "typeProperties": {
                    "schema": "KCMS",
                    "table": "DIM_SNL_DIV_CMT"
                }
            },
            "dependsOn": []
        },
        {
            "name": "[concat(parameters('factoryName'), '/DIM_SNL_MOD_ITM')]",
            "type": "Microsoft.DataFactory/factories/datasets",
            "apiVersion": "2018-06-01",
            "properties": {
                "linkedServiceName": {
                    "referenceName": "EDW_DB2_LS",
                    "type": "LinkedServiceReference"
                },
                "annotations": [],
                "type": "Db2Table",
                "schema": [],
                "typeProperties": {
                    "schema": "KCMS",
                    "table": "DIM_SNL_MOD_ITM"
                }
            },
            "dependsOn": []
        },
        {
            "name": "[concat(parameters('factoryName'), '/DIM_SNL_EVT_ITM')]",
            "type": "Microsoft.DataFactory/factories/datasets",
            "apiVersion": "2018-06-01",
            "properties": {
                "linkedServiceName": {
                    "referenceName": "EDW_DB2_LS",
                    "type": "LinkedServiceReference"
                },
                "annotations": [],
                "type": "Db2Table",
                "schema": [],
                "typeProperties": {
                    "schema": "KCMS",
                    "table": "DIM_SNL_EVT_ITM"
                }
            },
            "dependsOn": []
        },
        {
            "name": "[concat(parameters('factoryName'), '/DIM_SNL_PLN_EVT')]",
            "type": "Microsoft.DataFactory/factories/datasets",
            "apiVersion": "2018-06-01",
            "properties": {
                "linkedServiceName": {
                    "referenceName": "EDW_DB2_LS",
                    "type": "LinkedServiceReference"
                },
                "annotations": [],
                "type": "Db2Table",
                "schema": [],
                "typeProperties": {
                    "schema": "KCMS",
                    "table": "DIM_SNL_PLN_EVT"
                }
            },
            "dependsOn": []
        },
        {
            "name": "[concat(parameters('factoryName'), '/FCT_SNL_EVT_SUM')]",
            "type": "Microsoft.DataFactory/factories/datasets",
            "apiVersion": "2018-06-01",
            "properties": {
                "linkedServiceName": {
                    "referenceName": "EDW_DB2_LS",
                    "type": "LinkedServiceReference"
                },
                "annotations": [],
                "type": "Db2Table",
                "schema": [],
                "typeProperties": {
                    "schema": "KCMS",
                    "table": "FCT_SNL_EVT_SUM"
                }
            },
            "dependsOn": []
        },
        {
            "name": "[concat(parameters('factoryName'), '/DIM_SNL_EVT_SEC')]",
            "type": "Microsoft.DataFactory/factories/datasets",
            "apiVersion": "2018-06-01",
            "properties": {
                "linkedServiceName": {
                    "referenceName": "EDW_DB2_LS",
                    "type": "LinkedServiceReference"
                },
                "annotations": [],
                "type": "Db2Table",
                "schema": [],
                "typeProperties": {
                    "schema": "KCMS",
                    "table": "DIM_SNL_EVT_SEC"
                }
            },
            "dependsOn": []
        },
        {
            "name": "[concat(parameters('factoryName'), '/DS_FAMILYTREE_LOAD')]",
            "type": "Microsoft.DataFactory/factories/datasets",
            "apiVersion": "2018-06-01",
            "properties": {
                "linkedServiceName": {
                    "referenceName": "azsql-db-ls",
                    "type": "LinkedServiceReference"
                },
                "annotations": [],
                "type": "AzureSqlTable",
                "schema": [
                    {
                        "name": "Pipeline_Name",
                        "type": "nvarchar"
                    },
                    {
                        "name": "Count",
                        "type": "nvarchar"
                    },
                    {
                        "name": "effective_ts",
                        "type": "nvarchar"
                    },
                    {
                        "name": "last_update_ts",
                        "type": "nvarchar"
                    },
                    {
                        "name": "ETL_LOAD_DATE",
                        "type": "nvarchar"
                    }
                ],
                "typeProperties": {
                    "schema": "dbo",
                    "table": "swichboard_control_table"
                }
            },
            "dependsOn": []
        },
        {
            "name": "[concat(parameters('factoryName'), '/DS_Switchboard_familyTree')]",
            "type": "Microsoft.DataFactory/factories/datasets",
            "apiVersion": "2018-06-01",
            "properties": {
                "linkedServiceName": {
                    "referenceName": "azsql-db-ls",
                    "type": "LinkedServiceReference"
                },
                "folder": {
                    "name": "Switchboard"
                },
                "annotations": [],
                "type": "AzureSqlTable",
                "schema": [
                    {
                        "name": "start_date",
                        "type": "varchar"
                    },
                    {
                        "name": "end_date",
                        "type": "varchar"
                    }
                ],
                "typeProperties": {
                    "schema": "dbo",
                    "table": "swichboard_metadata_date"
                }
            },
            "dependsOn": []
        },
        {
            "name": "[concat(parameters('factoryName'), '/DS_SWITCH_MODALITY_FAMILY_TREE')]",
            "type": "Microsoft.DataFactory/factories/datasets",
            "apiVersion": "2018-06-01",
            "properties": {
                "linkedServiceName": {
                    "referenceName": "postgre_ls",
                    "type": "LinkedServiceReference"
                },
                "folder": {
                    "name": "Switchboard"
                },
                "annotations": [],
                "type": "OdbcTable",
                "schema": [],
                "typeProperties": {
                    "tableName": "\"public\".\"family_tree\""
                }
            },
            "dependsOn": []
        },
        {
            "name": "[concat(parameters('factoryName'), '/ePlum_File_NAS')]",
            "type": "Microsoft.DataFactory/factories/datasets",
            "apiVersion": "2018-06-01",
            "properties": {
                "linkedServiceName": {
                    "referenceName": "ePlum_NAS_LS",
                    "type": "LinkedServiceReference"
                },
                "annotations": [],
                "type": "DelimitedText",
                "typeProperties": {
                    "location": {
                        "type": "FileServerLocation"
                    },
                    "columnDelimiter": ",",
                    "escapeChar": "\\",
                    "firstRowAsHeader": true,
                    "quoteChar": "\""
                },
                "schema": []
            },
            "dependsOn": []
        }
    ]
}