{
    "$schema": "http://schema.management.azure.com/schemas/2015-01-01/deploymentTemplate.json#",
    "contentVersion": "1.0.0.0",
    "parameters": {
        "factoryName": {
            "type": "string",
            "metadata": "Data Factory name",
            "defaultValue": "mx-core-data-prod-dfws"
        },
        "ADB_DATABRIKS_POOL_accessToken": {
            "type": "secureString",
            "metadata": "Secure string for 'accessToken' of 'ADB_DATABRIKS_POOL'"
        },
        "ADB_JOB_CLUSTER_accessToken": {
            "type": "secureString",
            "metadata": "Secure string for 'accessToken' of 'ADB_JOB_CLUSTER'"
        },
        "AzureBlobStorage1_connectionString": {
            "type": "secureString",
            "metadata": "Secure string for 'connectionString' of 'AzureBlobStorage1'"
        },
        "HistCheck2_connectionString": {
            "type": "secureString",
            "metadata": "Secure string for 'connectionString' of 'HistCheck2'"
        },
        "HistoryStorage1_connectionString": {
            "type": "secureString",
            "metadata": "Secure string for 'connectionString' of 'HistoryStorage1'"
        },
        "ADF-GEN2-LS_properties_typeProperties_url": {
            "type": "string",
            "defaultValue": "https://mxcoredataprodstrg.dfs.core.windows.net"
        },
        "ADF-BLOB-LS_properties_typeProperties_serviceEndpoint": {
            "type": "string",
            "defaultValue": "https://mxcoredataprodstrg.blob.core.windows.net/"
        },
        "mx-core-data-prod-dbx-ls_properties_typeProperties_existingClusterId": {
            "type": "string",
            "defaultValue": "0125-054154-llvfxzyz"
        },
        "mx-core-data-prod-kv-ls_properties_typeProperties_baseUrl": {
            "type": "string",
            "defaultValue": "https://mx-core-data-prod-kv.vault.azure.net/"
        },
        "adf-dbx-ls_properties_typeProperties_existingClusterId": {
            "type": "string",
            "defaultValue": "0125-054154-llvfxzyz"
        },
        "MxDmpLandingZone_properties_typeProperties_url": {
            "type": "string",
            "defaultValue": "https://dmpdatalakelanding.dfs.core.windows.net"
        },
        "adf-kv-ls_properties_typeProperties_baseUrl": {
            "type": "string",
            "defaultValue": "https://mx-core-data-prod-kv.vault.azure.net/"
        },
        "eventhub_cluster_dbx_ls_properties_typeProperties_existingClusterId": {
            "type": "string",
            "defaultValue": "0414-041808-qfvk9cex"
        },
        "MxDmpLandingRedLakeZone_properties_typeProperties_url": {
            "type": "string",
            "defaultValue": "https://dmpadlredlandingprod.dfs.core.windows.net"
        },
        "MxDmpCuratedLayer_properties_typeProperties_url": {
            "type": "string",
            "defaultValue": "https://dmpadlmxcuratedprod.dfs.core.windows.net"
        },
        "ADF_2nd_GEN2_LS_properties_typeProperties_url": {
            "type": "string",
            "defaultValue": "https://mxcoredataprod2ndstrg.dfs.core.windows.net"
        },
        "Unity_Catalog_Cluster_properties_typeProperties_existingClusterId": {
            "type": "string",
            "defaultValue": "0922-180217-x1s1qdcc"
        }
    },
    "variables": {
        "factoryId": "[concat('Microsoft.DataFactory/factories/', parameters('factoryName'))]"
    },
    "resources": [
        {
            "name": "[concat(parameters('factoryName'), '/adf-shir')]",
            "type": "Microsoft.DataFactory/factories/integrationRuntimes",
            "apiVersion": "2018-06-01",
            "properties": {
                "type": "SelfHosted",
                "typeProperties": {}
            },
            "dependsOn": []
        },
        {
            "name": "[concat(parameters('factoryName'), '/ADF-GEN2-LS')]",
            "type": "Microsoft.DataFactory/factories/linkedServices",
            "apiVersion": "2018-06-01",
            "properties": {
                "annotations": [],
                "type": "AzureBlobFS",
                "typeProperties": {
                    "url": "[parameters('ADF-GEN2-LS_properties_typeProperties_url')]"
                }
            },
            "dependsOn": []
        },
        {
            "name": "[concat(parameters('factoryName'), '/ADF-BLOB-LS')]",
            "type": "Microsoft.DataFactory/factories/linkedServices",
            "apiVersion": "2018-06-01",
            "properties": {
                "annotations": [],
                "type": "AzureBlobStorage",
                "typeProperties": {
                    "serviceEndpoint": "[parameters('ADF-BLOB-LS_properties_typeProperties_serviceEndpoint')]",
                    "accountKind": "StorageV2"
                }
            },
            "dependsOn": []
        },
        {
            "name": "[concat(parameters('factoryName'), '/mx-core-data-prod-dbx-ls')]",
            "type": "Microsoft.DataFactory/factories/linkedServices",
            "apiVersion": "2018-06-01",
            "properties": {
                "annotations": [],
                "type": "AzureDatabricks",
                "typeProperties": {
                    "domain": "https://adb-918219260053953.13.azuredatabricks.net",
                    "authentication": "MSI",
                    "workspaceResourceId": "/subscriptions/6e3a3f5a-7ddb-473b-9f4f-6dee37a8bd93/resourceGroups/rg-mxi-proda11-eastus2/providers/Microsoft.Databricks/workspaces/mx-core-data-prod-dbxws",
                    "existingClusterId": "[parameters('mx-core-data-prod-dbx-ls_properties_typeProperties_existingClusterId')]"
                }
            },
            "dependsOn": []
        },
        {
            "name": "[concat(parameters('factoryName'), '/mx-core-data-prod-kv-ls')]",
            "type": "Microsoft.DataFactory/factories/linkedServices",
            "apiVersion": "2018-06-01",
            "properties": {
                "annotations": [],
                "type": "AzureKeyVault",
                "typeProperties": {
                    "baseUrl": "[parameters('mx-core-data-prod-kv-ls_properties_typeProperties_baseUrl')]"
                }
            },
            "dependsOn": []
        },
        {
            "name": "[concat(parameters('factoryName'), '/ADB_DATABRIKS_POOL')]",
            "type": "Microsoft.DataFactory/factories/linkedServices",
            "apiVersion": "2018-06-01",
            "properties": {
                "annotations": [],
                "type": "AzureDatabricks",
                "typeProperties": {
                    "domain": "https://adb-918219260053953.13.azuredatabricks.net",
                    "accessToken": {
                        "type": "SecureString",
                        "value": "[parameters('ADB_DATABRIKS_POOL_accessToken')]"
                    },
                    "instancePoolId": "0627-100725-enure4-pool-23j2lv4w",
                    "newClusterNumOfWorker": "1:10",
                    "newClusterSparkConf": {
                        "spark.hadoop.fs.azure.account.oauth2.client.secret.dmpdatalake.dfs.core.windows.net": {
                            "value": "{{secrets/MXI-Core-Data-PROD-DBX-SCOPE/merch-mxi-prod-dmp-password}}",
                            "type": "Expression"
                        },
                        "spark.hadoop.javax.jdo.option.ConnectionPassword": "{{secrets/MXI-Core-Data-PROD-DBX-SCOPE/AZURE-SQL-SERVER-HIVE-METASTORE-mx-dmpmetastore-user-password}}",
                        "spark.hadoop.javax.jdo.option.ConnectionUserName": "{{secrets/MXI-Core-Data-PROD-DBX-SCOPE/AZURE-SQL-SERVER-HIVE-METASTORE-mx-dmpmetastore-user}}"
                    },
                    "newClusterSparkEnvVars": {
                        "PYSPARK_PYTHON": "/databricks/python3/bin/python3"
                    },
                    "newClusterVersion": "11.3.x-scala2.12",
                    "newClusterLogDestination": "",
                    "newClusterInitScripts": [],
                    "clusterOption": "Autoscaling"
                }
            },
            "dependsOn": []
        },
        {
            "name": "[concat(parameters('factoryName'), '/ADB_JOB_CLUSTER')]",
            "type": "Microsoft.DataFactory/factories/linkedServices",
            "apiVersion": "2018-06-01",
            "properties": {
                "annotations": [],
                "type": "AzureDatabricks",
                "typeProperties": {
                    "domain": "https://adb-918219260053953.13.azuredatabricks.net",
                    "accessToken": {
                        "type": "SecureString",
                        "value": "[parameters('ADB_JOB_CLUSTER_accessToken')]"
                    },
                    "newClusterNodeType": "Standard_DS4_v2",
                    "newClusterNumOfWorker": "2:20",
                    "newClusterSparkConf": {
                        "spark.hadoop.datanucleus.fixedDataStore": "false",
                        "spark.hadoop.javax.jdo.option.ConnectionDriverName ": "com.microsoft.sqlserver.jdbc.SQLServerDriver",
                        "spark.hadoop.javax.jdo.option.ConnectionURL ": "jdbc:sqlserver://dmp-sql-metastore-prod-001.database.windows.net:1433;database=DMP_Hive_Metastore",
                        "spark.databricks.delta.preview.enabled": "true",
                        "spark.hadoop.javax.jdo.option.ConnectionUserName ": "{{secrets/MXI-Core-Data-PROD-DBX-SCOPE/AZURE-SQL-SERVER-HIVE-METASTORE-mx-dmpmetastore-user}}",
                        "spark.hadoop.javax.jdo.option.ConnectionPassword": "{{secrets/MXI-Core-Data-PROD-DBX-SCOPE/AZURE-SQL-SERVER-HIVE-METASTORE-mx-dmpmetastore-user-password}}",
                        "spark.hadoop.datanucleus.autoCreateSchema": "true",
                        "spark.sql.hive.metastore ": "maven",
                        "fs.azure.account.oauth2.client.id.dmpdatalake.dfs.core.windows.net": "18cc7074-141f-48e3-8704-3fbdb42ea7b7",
                        "spark.hadoop.fs.azure.account.oauth2.client.secret.dmpdatalake.dfs.core.windows.net ": "{{secrets/MXI-Core-Data-PROD-DBX-SCOPE/merch-mxi-prod-dmp-password}}",
                        "fs.azure.account.oauth2.client.endpoint.dmpdatalake.dfs.core.windows.net ": "https://login.microsoftonline.com/8331e14a-9134-4288-bf5a-5e2c8412f074/oauth2/token",
                        "spark.sql.hive.metastore.version ": "0.13",
                        "fs.azure.account.oauth2.client.secret.dmpdatalake.dfs.core.windows.net": "{{secrets/MXI-Core-Data-PROD-DBX-SCOPE/merch-mxi-prod-dmp-password}}",
                        "fs.azure.account.auth.type.dmpdatalake.dfs.core.windows.net": "OAuth",
                        "fs.azure.account.oauth.provider.type.dmpdatalake.dfs.core.windows.net ": "org.apache.hadoop.fs.azurebfs.oauth2.ClientCredsTokenProvider"
                    },
                    "newClusterSparkEnvVars": {
                        "PYSPARK_PYTHON": "/databricks/python3/bin/python3"
                    },
                    "newClusterVersion": "11.3.x-scala2.12",
                    "clusterOption": "Autoscaling",
                    "newClusterInitScripts": []
                }
            },
            "dependsOn": []
        },
        {
            "name": "[concat(parameters('factoryName'), '/adf-dbx-ls')]",
            "type": "Microsoft.DataFactory/factories/linkedServices",
            "apiVersion": "2018-06-01",
            "properties": {
                "annotations": [],
                "type": "AzureDatabricks",
                "typeProperties": {
                    "domain": "https://adb-918219260053953.13.azuredatabricks.net",
                    "authentication": "MSI",
                    "workspaceResourceId": "/subscriptions/6e3a3f5a-7ddb-473b-9f4f-6dee37a8bd93/resourceGroups/rg-mxi-proda11-eastus2/providers/Microsoft.Databricks/workspaces/mx-core-data-prod-dbxws",
                    "existingClusterId": "[parameters('adf-dbx-ls_properties_typeProperties_existingClusterId')]"
                }
            },
            "dependsOn": []
        },
        {
            "name": "[concat(parameters('factoryName'), '/MxDmpLandingZone')]",
            "type": "Microsoft.DataFactory/factories/linkedServices",
            "apiVersion": "2018-06-01",
            "properties": {
                "annotations": [],
                "type": "AzureBlobFS",
                "typeProperties": {
                    "url": "[parameters('MxDmpLandingZone_properties_typeProperties_url')]"
                }
            },
            "dependsOn": []
        },
        {
            "name": "[concat(parameters('factoryName'), '/adf-kv-ls')]",
            "type": "Microsoft.DataFactory/factories/linkedServices",
            "apiVersion": "2018-06-01",
            "properties": {
                "annotations": [],
                "type": "AzureKeyVault",
                "typeProperties": {
                    "baseUrl": "[parameters('adf-kv-ls_properties_typeProperties_baseUrl')]"
                }
            },
            "dependsOn": []
        },
        {
            "name": "[concat(parameters('factoryName'), '/eventhub_cluster_dbx_ls')]",
            "type": "Microsoft.DataFactory/factories/linkedServices",
            "apiVersion": "2018-06-01",
            "properties": {
                "annotations": [],
                "type": "AzureDatabricks",
                "typeProperties": {
                    "domain": "https://adb-7590276503789327.7.azuredatabricks.net",
                    "authentication": "MSI",
                    "workspaceResourceId": "/subscriptions/7955bb86-14ca-4ca9-a6b9-978136873edd/resourceGroups/rg-mxi-deva61-eastus2/providers/Microsoft.Databricks/workspaces/mx-core-data-dev-dbxws",
                    "existingClusterId": "[parameters('eventhub_cluster_dbx_ls_properties_typeProperties_existingClusterId')]"
                }
            },
            "dependsOn": []
        },
        {
            "name": "[concat(parameters('factoryName'), '/adb_Job_cluster_ls')]",
            "type": "Microsoft.DataFactory/factories/linkedServices",
            "apiVersion": "2018-06-01",
            "properties": {
                "annotations": [],
                "type": "AzureDatabricks",
                "typeProperties": {
                    "domain": "https://adb-918219260053953.13.azuredatabricks.net",
                    "authentication": "MSI",
                    "workspaceResourceId": "/subscriptions/6e3a3f5a-7ddb-473b-9f4f-6dee37a8bd93/resourceGroups/rg-mxi-proda11-eastus2/providers/Microsoft.Databricks/workspaces/mx-core-data-prod-dbxws",
                    "newClusterNodeType": "Standard_DS4_v2",
                    "newClusterNumOfWorker": "2:10",
                    "newClusterSparkConf": {
                        "fs.azure.account.auth.type.dmpdatalake.dfs.core.windows.net": "OAuth",
                        "fs.azure.account.oauth.provider.type.dmpdatalake.dfs.core.windows.net": "org.apache.hadoop.fs.azurebfs.oauth2.ClientCredsTokenProvider",
                        "fs.azure.account.oauth2.client.endpoint.dmpdatalake.dfs.core.windows.net": "https://login.microsoftonline.com/8331e14a-9134-4288-bf5a-5e2c8412f074/oauth2/token",
                        "fs.azure.account.oauth2.client.id.dmpdatalake.dfs.core.windows.net": "18cc7074-141f-48e3-8704-3fbdb42ea7b7",
                        "fs.azure.account.oauth2.client.secret.dmpdatalake.dfs.core.windows.net": "{{secrets/MERCH-MXI-PROD-DBX-SCOPE/merch-mxi-prod-dmp-p-secret}}",
                        "spark.databricks.delta.preview.enabled": "true",
                        "spark.hadoop.datanucleus.autoCreateSchema": "true",
                        "spark.hadoop.datanucleus.fixedDataStore": "false",
                        "spark.hadoop.javax.jdo.option.ConnectionDriverName": "com.microsoft.sqlserver.jdbc.SQLServerDriver",
                        "spark.hadoop.javax.jdo.option.ConnectionPassword": "{{secrets/MXI-Core-Data-PROD-DBX-SCOPE/AZURE-SQL-SERVER-HIVE-METASTORE-mx-dmpmetastore-user-password}}",
                        "spark.hadoop.javax.jdo.option.ConnectionURL": "jdbc:sqlserver://dmp-sql-metastore-prod-001.database.windows.net:1433;database=DMP_Hive_Metastore",
                        "spark.hadoop.javax.jdo.option.ConnectionUserName": "{{secrets/MXI-Core-Data-PROD-DBX-SCOPE/AZURE-SQL-SERVER-HIVE-METASTORE-mx-dmpmetastore-user}}",
                        "spark.sql.hive.metastore": "maven",
                        "spark.sql.hive.metastore.version": "0.13"
                    },
                    "newClusterSparkEnvVars": {
                        "PYSPARK_PYTHON": "/databricks/python3/bin/python3"
                    },
                    "newClusterVersion": "11.3.x-scala2.12",
                    "newClusterLogDestination": "",
                    "newClusterDriverNodeType": "",
                    "clusterOption": "Autoscaling",
                    "newClusterInitScripts": []
                }
            },
            "dependsOn": []
        },
        {
            "name": "[concat(parameters('factoryName'), '/MxDmpLandingRedLakeZone')]",
            "type": "Microsoft.DataFactory/factories/linkedServices",
            "apiVersion": "2018-06-01",
            "properties": {
                "annotations": [],
                "type": "AzureBlobFS",
                "typeProperties": {
                    "url": "[parameters('MxDmpLandingRedLakeZone_properties_typeProperties_url')]"
                }
            },
            "dependsOn": []
        },
        {
            "name": "[concat(parameters('factoryName'), '/MxDmpCuratedLayer')]",
            "type": "Microsoft.DataFactory/factories/linkedServices",
            "apiVersion": "2018-06-01",
            "properties": {
                "annotations": [],
                "type": "AzureBlobFS",
                "typeProperties": {
                    "url": "[parameters('MxDmpCuratedLayer_properties_typeProperties_url')]"
                }
            },
            "dependsOn": []
        },
        {
            "name": "[concat(parameters('factoryName'), '/AzureBlobStorage1')]",
            "type": "Microsoft.DataFactory/factories/linkedServices",
            "apiVersion": "2018-06-01",
            "properties": {
                "annotations": [],
                "type": "AzureBlobStorage",
                "typeProperties": {
                    "connectionString": "[parameters('AzureBlobStorage1_connectionString')]"
                }
            },
            "dependsOn": []
        },
        {
            "name": "[concat(parameters('factoryName'), '/ADF_2nd_GEN2_LS')]",
            "type": "Microsoft.DataFactory/factories/linkedServices",
            "apiVersion": "2018-06-01",
            "properties": {
                "annotations": [],
                "type": "AzureBlobFS",
                "typeProperties": {
                    "url": "[parameters('ADF_2nd_GEN2_LS_properties_typeProperties_url')]"
                }
            },
            "dependsOn": []
        },
        {
            "name": "[concat(parameters('factoryName'), '/DBX_DMP_LS')]",
            "type": "Microsoft.DataFactory/factories/linkedServices",
            "apiVersion": "2018-06-01",
            "properties": {
                "annotations": [],
                "type": "AzureDatabricksDeltaLake",
                "typeProperties": {
                    "domain": "https://adb-918219260053953.13.azuredatabricks.net",
                    "clusterId": "1107-194021-uiw4wl68",
                    "workspaceResourceId": "/subscriptions/6e3a3f5a-7ddb-473b-9f4f-6dee37a8bd93/resourceGroups/rg-mxi-proda11-eastus2/providers/Microsoft.Databricks/workspaces/mx-core-data-prod-dbxws"
                }
            },
            "dependsOn": []
        },
        {
            "name": "[concat(parameters('factoryName'), '/HistCheck2')]",
            "type": "Microsoft.DataFactory/factories/linkedServices",
            "apiVersion": "2018-06-01",
            "properties": {
                "annotations": [],
                "type": "AzureFileStorage",
                "typeProperties": {
                    "connectionString": "[parameters('HistCheck2_connectionString')]",
                    "fileShare": ""
                }
            },
            "dependsOn": []
        },
        {
            "name": "[concat(parameters('factoryName'), '/HistoryStorage1')]",
            "type": "Microsoft.DataFactory/factories/linkedServices",
            "apiVersion": "2018-06-01",
            "properties": {
                "annotations": [],
                "type": "AzureTableStorage",
                "typeProperties": {
                    "connectionString": "[parameters('HistoryStorage1_connectionString')]"
                }
            },
            "dependsOn": []
        },
        {
            "name": "[concat(parameters('factoryName'), '/Unity_Catalog_Cluster')]",
            "type": "Microsoft.DataFactory/factories/linkedServices",
            "apiVersion": "2018-06-01",
            "properties": {
                "annotations": [],
                "type": "AzureDatabricks",
                "typeProperties": {
                    "domain": "https://adb-918219260053953.13.azuredatabricks.net",
                    "authentication": "MSI",
                    "workspaceResourceId": "/subscriptions/6e3a3f5a-7ddb-473b-9f4f-6dee37a8bd93/resourceGroups/rg-mxi-proda11-eastus2/providers/Microsoft.Databricks/workspaces/mx-core-data-prod-dbxws",
                    "existingClusterId": "[parameters('Unity_Catalog_Cluster_properties_typeProperties_existingClusterId')]"
                }
            },
            "dependsOn": []
        }
    ]
}