{
    "$schema": "https://schema.management.azure.com/schemas/2015-01-01/deploymentParameters.json#",
    "contentVersion": "1.0.0.0",
    "parameters": {
        "factoryName": {
            "value": "mx-core-data-prod-dfws"
        },
        "dataFactory_properties_globalParameters_mx_core_data_container_value": {
            "value": "mx-core-data-prod-data-container"
        },
        "dataFactory_properties_globalParameters_mx_core_digitalads_container_value": {
            "value": "mx-core-data-prod-digitalads-container"
        },
        "dataFactory_properties_globalParameters_mx_core_dlfs_value": {
            "value": "mx-core-data-prod-dlfs"
        },
        "dataFactory_properties_globalParameters_mx_core_itemloc_container_value": {
            "value": "mx-core-data-prod-item-loc-container"
        },
        "dataFactory_properties_globalParameters_mx_core_itemfull_container_value": {
            "value": "mx-core-data-prod-itemfull-container"
        },
        "dataFactory_properties_globalParameters_mx_core_offers_container_value": {
            "value": "mx-core-data-prod-offers-container"
        },
        "dataFactory_properties_globalParameters_mx_core_pid_container_value": {
            "value": "mx-core-data-prod-pid-container"
        },
        "dataFactory_properties_globalParameters_mx_core_promotions_container_value": {
            "value": "mx-core-data-prod-promotions-container"
        },
        "dataFactory_properties_globalParameters_environment_value": {
            "value": "prod"
        },
        "dataFactory_properties_globalParameters_mx_core_cost_container_value": {
            "value": "mx-core-data-prod-cost-container"
        },
        "dataFactory_properties_globalParameters_mx_core_productdqinsights_container_value": {
            "value": "mx-core-data-prod-productdataqualityinsights-container"
        },
        "dataFactory_properties_globalParameters_cost_ms_teams_channel_webhook_url_value": {
            "value": "https://kproductivity.webhook.office.com/webhookb2/efab4033-be3d-48eb-87b9-9433326f7508@8331e14a-9134-4288-bf5a-5e2c8412f074/IncomingWebhook/d38a2762fb2e4fbdb3e872d4818ed073/f3044102-b034-4dc7-b9f5-ab6121869378"
        },
        "dataFactory_properties_globalParameters_cost_email_dl_value": {
            "value": "costnexus@kroger.com"
        },
        "dataFactory_properties_globalParameters_mx_core_data_dbxws_value": {
            "value": "https://adb-918219260053953.13.azuredatabricks.net"
        },
        "dataFactory_properties_globalParameters_mx_pop_team_access_token_value": {
            "value": "dapi94cc4c06ea93c2a6d54872d2b3fec819-2"
        },
        "dataFactory_properties_globalParameters_pzn_digital_ads_8451_email_id_value": {
            "value": "michael.stoepel@8451.com"
        },
        "dataFactory_properties_globalParameters_pzn_digital_ads_8451_cc_value": {
            "value": "shrinidhi.kulkarni@kroger.com;serah.eley@kroger.com;jimmy.franxman@kroger.com"
        },
        "dataFactory_properties_globalParameters_mx_core_data_pop_value": {
            "value": "mx-core-data-pop"
        },
        "dataFactory_properties_globalParameters_pop_email_dl_value": {
            "value": "EISART-PoP-Development@kroger.com"
        },
        "dataFactory_location": {
            "value": "eastus2"
        },
        "dataFactory_identity_type": {
            "value": "SystemAssigned"
        }
    }
}