{
    "$schema": "http://schema.management.azure.com/schemas/2015-01-01/deploymentTemplate.json#",
    "contentVersion": "1.0.0.0",
    "parameters": {
        "factoryName": {
            "type": "string",
            "metadata": "Data Factory name",
            "defaultValue": "mx-core-data-prod-dfws"
        },
        "dataFactory_properties_globalParameters_mx_core_data_container_value": {
            "type": "string",
            "defaultValue": "mx-core-data-prod-data-container"
        },
        "dataFactory_properties_globalParameters_mx_core_digitalads_container_value": {
            "type": "string",
            "defaultValue": "mx-core-data-prod-digitalads-container"
        },
        "dataFactory_properties_globalParameters_mx_core_dlfs_value": {
            "type": "string",
            "defaultValue": "mx-core-data-prod-dlfs"
        },
        "dataFactory_properties_globalParameters_mx_core_itemloc_container_value": {
            "type": "string",
            "defaultValue": "mx-core-data-prod-item-loc-container"
        },
        "dataFactory_properties_globalParameters_mx_core_itemfull_container_value": {
            "type": "string",
            "defaultValue": "mx-core-data-prod-itemfull-container"
        },
        "dataFactory_properties_globalParameters_mx_core_offers_container_value": {
            "type": "string",
            "defaultValue": "mx-core-data-prod-offers-container"
        },
        "dataFactory_properties_globalParameters_mx_core_pid_container_value": {
            "type": "string",
            "defaultValue": "mx-core-data-prod-pid-container"
        },
        "dataFactory_properties_globalParameters_mx_core_promotions_container_value": {
            "type": "string",
            "defaultValue": "mx-core-data-prod-promotions-container"
        },
        "dataFactory_properties_globalParameters_environment_value": {
            "type": "string",
            "defaultValue": "prod"
        },
        "dataFactory_properties_globalParameters_mx_core_cost_container_value": {
            "type": "string",
            "defaultValue": "mx-core-data-prod-cost-container"
        },
        "dataFactory_properties_globalParameters_mx_core_productdqinsights_container_value": {
            "type": "string",
            "defaultValue": "mx-core-data-prod-productdataqualityinsights-container"
        },
        "dataFactory_properties_globalParameters_cost_ms_teams_channel_webhook_url_value": {
            "type": "string",
            "defaultValue": "https://kproductivity.webhook.office.com/webhookb2/efab4033-be3d-48eb-87b9-9433326f7508@8331e14a-9134-4288-bf5a-5e2c8412f074/IncomingWebhook/d38a2762fb2e4fbdb3e872d4818ed073/f3044102-b034-4dc7-b9f5-ab6121869378"
        },
        "dataFactory_properties_globalParameters_cost_email_dl_value": {
            "type": "string",
            "defaultValue": "costnexus@kroger.com"
        },
        "dataFactory_properties_globalParameters_mx_core_data_dbxws_value": {
            "type": "string",
            "defaultValue": "https://adb-918219260053953.13.azuredatabricks.net"
        },
        "dataFactory_properties_globalParameters_mx_pop_team_access_token_value": {
            "type": "string",
            "defaultValue": "dapi94cc4c06ea93c2a6d54872d2b3fec819-2"
        },
        "dataFactory_properties_globalParameters_pzn_digital_ads_8451_email_id_value": {
            "type": "string",
            "defaultValue": "michael.stoepel@8451.com"
        },
        "dataFactory_properties_globalParameters_pzn_digital_ads_8451_cc_value": {
            "type": "string",
            "defaultValue": "shrinidhi.kulkarni@kroger.com;serah.eley@kroger.com;jimmy.franxman@kroger.com"
        },
        "dataFactory_properties_globalParameters_mx_core_data_pop_value": {
            "type": "string",
            "defaultValue": "mx-core-data-pop"
        },
        "dataFactory_properties_globalParameters_pop_email_dl_value": {
            "type": "string",
            "defaultValue": "EISART-PoP-Development@kroger.com"
        },
        "dataFactory_location": {
            "type": "string",
            "defaultValue": "eastus2"
        },
        "dataFactory_identity_type": {
            "type": "string",
            "defaultValue": "SystemAssigned"
        }
    },
    "variables": {
        "factoryId": "[concat('Microsoft.DataFactory/factories/', parameters('factoryName'))]"
    },
    "resources": [
        {
            "name": "[parameters('factoryName')]",
            "type": "Microsoft.DataFactory/factories",
            "apiVersion": "2018-06-01",
            "properties": {
                "globalParameters": {
                    "mx_core_data_container": {
                        "type": "string",
                        "value": "[parameters('dataFactory_properties_globalParameters_mx_core_data_container_value')]"
                    },
                    "mx_core_digitalads_container": {
                        "type": "string",
                        "value": "[parameters('dataFactory_properties_globalParameters_mx_core_digitalads_container_value')]"
                    },
                    "mx_core_dlfs": {
                        "type": "string",
                        "value": "[parameters('dataFactory_properties_globalParameters_mx_core_dlfs_value')]"
                    },
                    "mx_core_itemloc_container": {
                        "type": "string",
                        "value": "[parameters('dataFactory_properties_globalParameters_mx_core_itemloc_container_value')]"
                    },
                    "mx_core_itemfull_container": {
                        "type": "string",
                        "value": "[parameters('dataFactory_properties_globalParameters_mx_core_itemfull_container_value')]"
                    },
                    "mx_core_offers_container": {
                        "type": "string",
                        "value": "[parameters('dataFactory_properties_globalParameters_mx_core_offers_container_value')]"
                    },
                    "mx_core_pid_container": {
                        "type": "string",
                        "value": "[parameters('dataFactory_properties_globalParameters_mx_core_pid_container_value')]"
                    },
                    "mx_core_promotions_container": {
                        "type": "string",
                        "value": "[parameters('dataFactory_properties_globalParameters_mx_core_promotions_container_value')]"
                    },
                    "environment": {
                        "type": "string",
                        "value": "[parameters('dataFactory_properties_globalParameters_environment_value')]"
                    },
                    "mx_core_cost_container": {
                        "type": "string",
                        "value": "[parameters('dataFactory_properties_globalParameters_mx_core_cost_container_value')]"
                    },
                    "mx_core_productdqinsights_container": {
                        "type": "string",
                        "value": "[parameters('dataFactory_properties_globalParameters_mx_core_productdqinsights_container_value')]"
                    },
                    "cost_ms_teams_channel_webhook_url": {
                        "type": "string",
                        "value": "[parameters('dataFactory_properties_globalParameters_cost_ms_teams_channel_webhook_url_value')]"
                    },
                    "cost_email_dl": {
                        "type": "string",
                        "value": "[parameters('dataFactory_properties_globalParameters_cost_email_dl_value')]"
                    },
                    "mx_core_data_dbxws": {
                        "type": "string",
                        "value": "[parameters('dataFactory_properties_globalParameters_mx_core_data_dbxws_value')]"
                    },
                    "mx_pop_team_access_token": {
                        "type": "string",
                        "value": "[parameters('dataFactory_properties_globalParameters_mx_pop_team_access_token_value')]"
                    },
                    "pzn_digital_ads_8451_email_id": {
                        "type": "string",
                        "value": "[parameters('dataFactory_properties_globalParameters_pzn_digital_ads_8451_email_id_value')]"
                    },
                    "pzn_digital_ads_8451_cc": {
                        "type": "string",
                        "value": "[parameters('dataFactory_properties_globalParameters_pzn_digital_ads_8451_cc_value')]"
                    },
                    "mx_core_data_pop": {
                        "type": "string",
                        "value": "[parameters('dataFactory_properties_globalParameters_mx_core_data_pop_value')]"
                    },
                    "pop_email_dl": {
                        "type": "string",
                        "value": "[parameters('dataFactory_properties_globalParameters_pop_email_dl_value')]"
                    }
                }
            },
            "dependsOn": [],
            "location": "[parameters('dataFactory_location')]",
            "identity": {
                "type": "[parameters('dataFactory_identity_type')]",
                "principalId": "b9526bda-5ba7-416b-9ba8-1e212231d4e5",
                "tenantId": "8331e14a-9134-4288-bf5a-5e2c8412f074"
            }
        }
    ]
}